comment,likes,my_polarity
"–í –ü–æ–ª—å—à—É —É–µ—Ö–∞–ª–∏ –Ω–µ –æ—Ç —Ö–æ—Ä–æ—à–µ–π –∂–∏–∑–Ω–∏.–Ø —Å–∞–º —É–±–µ–∂–∞–ª,—É–µ—Ö–∞–ª,—Å–∫—Ä—ã–ª—Å—è-–∫–∞–∫ —É–≥–æ–¥–Ω–æ –º–æ–∂–Ω–æ –Ω–∞–∑–≤–∞—Ç—å,—á—Ç–æ–±—ã –Ω–µ —Å–µ—Å—Ç—å –≤ —Ç—é—Ä—å–º—É,–ø–æ—Ç–æ–º—É —á—Ç–æ —Å–≤–æ–±–æ–¥–∞ –¥–ª—è –º–µ–Ω—è –º–Ω–æ–≥–æ–µ –∑–Ω–∞—á–∏—Ç...–∑–¥–µ—Å—å,–≤ –ü–æ–ª—å—à–µ,–Ω–µ –≤—Å–µ –±–µ–ª–∞—Ä—É—Å—ã –Ω–æ—Ä–º–∞–ª—å–Ω—ã–µ...–º–Ω–æ–≥–∏–µ –ø—Ä–∏–≤–µ–∑–ª–∏ —Å–æ–≤–æ–∫ —Å —Å–æ–±–æ–π...–ø—Ä–æ–±–ª–µ–º—ã –æ—Å—Ç–∞–ª–∏—Å—å —É –≤—Å–µ—Ö,–Ω–æ –Ω–µ–∫–æ—Ç–æ—Ä—ã–µ –≤—Å–µ —Ä–∞–≤–Ω–æ –ø—ã—Ç–∞—é—Ç—Å—è —Å–≤–∞–ª–∏—Ç—å –∏—Ö —Ä–µ—à–µ–Ω–∏–µ –Ω–∞ –¥—Ä—É–≥–∏—Ö –ª—é–¥–µ–π...–≤—Å–µ –ª—é–¥–∏-—Ä–∞–∑–Ω—ã–µ...",7.0,-1.0
"–ó–¥—Ä–∞–≤—Å—Ç–≤—É–π—Ç–µ, –°–≤–µ—Ç–ª–∞–Ω–∞! –ß–µ—Å—Ç–Ω–æ –≥–æ–≤–æ—Ä—è, –º—ã –¥–æ –ª–µ—Ç–∞ –ø—Ä–æ—à–ª–æ–≥–æ –≥–æ–¥–∞ –∏ —Å–∞–º–∏ –Ω–µ –∑–Ω–∞–ª–∏, –∫–∞–∫–∏–º–∏ –º—ã –º–æ–∂–µ–º –±—ã—Ç—å:)) –ú–Ω–µ, –∫–∞–∫ –±–µ–ª–∞—Ä—É—Å–∫–µ, –∫–∞–∂–µ—Ç—Å—è, —á—Ç–æ —ç—Ç–∞ –Ω–∞—à–∞ –æ–±—â–∞—è –±–µ–¥–∞, –∫–æ—Ç–æ—Ä–∞—è —Å–µ–π—á–∞—Å –ø—Ä–æ–∏—Å—Ö–æ–¥–∏—Ç –≤ –ë–µ–ª–∞—Ä—É—Å–∏, –Ω–∞—Å –æ—á–µ–Ω—å —Å–ø–ª–æ—Ç–∏–ª–∞. –≠—Ç–∞ —Å–∏—Ç—É–∞—Ü–∏—è, —Å–ª–æ–≤–Ω–æ –ª–∞–∫–º—É—Å–æ–≤–∞—è –±—É–º–∞–∂–∫–∞, –ø–æ–∫–∞–∑–∞–ª–∞ –Ω–µ —Ç–æ–ª—å–∫–æ —É—Ä–æ–¥–ª–∏–≤–æ–µ –ª–∏—Ü–æ –≤–ª–∞—Å—Ç–∏, –Ω–æ –¥—É—Ö –±–µ–ª–∞—Ä—É—Å–∫–æ–≥–æ –Ω–∞—Ä–æ–¥–∞. –ù–æ –≤—ã –Ω–µ –∑–∞–±—ã–≤–∞–π—Ç–µ, —á—Ç–æ –∏ —É –≤–ª–∞—Å—Ç–∏ –≤ –ë–µ–ª–∞—Ä—É—Å–∏, —Ç–æ–∂–µ –≤–µ–¥—å –±–µ–ª–∞—Ä—É—Å—ã —Å–∏–¥—è—Ç:( –∞ –∑–Ω–∞—á–∏—Ç, –≤—Å—ë –∑–∞–≤–∏—Å–∏—Ç –æ—Ç –ª—é–¥–µ–π! –°–∫–æ–ª—å–∫–æ –∂–∏–≤—É –≤ –ü–æ–ª—å—à–µ, –º–æ–≥—É —Å–∫–∞–∑–∞—Ç—å, —á—Ç–æ –≤—Å—Ç—Ä–µ—á–∞–ª–∞ —É–∫—Ä–∞–∏–Ω—Ü–µ–≤ —Å –∫–æ—Ç–æ—Ä—ã–º–∏ –∑–∞–º–µ—á–∞—Ç–µ–ª—å–Ω–æ –æ–±—â–∞–ª–∞—Å—å –∏ –∫–æ—Ç–æ—Ä—ã–µ –æ—á–µ–Ω—å –º–Ω–µ –ø–æ–º–æ–≥–ª–∏. –î–∞ –∏ –≤–æ–æ–±—â–µ, –º–Ω–µ –∫–∞–∂–µ—Ç—Å—è, —á–µ–ª–æ–≤–µ–∫ —á–µ–ª–æ–≤–µ–∫—É –±—Ä–∞—Ç –∏ –¥—Ä—É–≥, –±—ã–ª–æ –±—ã —Å–µ—Ä–¥—Ü–µ –∏ —Å–æ–≤–µ—Å—Ç—å, –∏ ""–Ω–∞—Ü–∏–æ–Ω–∞–ª—å–Ω—ã–µ –æ—Å–æ–±–µ–Ω–Ω–æ—Å—Ç–∏"" —Ç—É—Ç –º–æ–≥—É—Ç –Ω–µ —Å—ã–≥—Ä–∞—Ç—å –≤–æ–æ–±—â–µ –Ω–∏–∫–∞–∫–æ–π —Ä–æ–ª–∏ (–µ—Å–ª–∏ —Ç–∞–∫–∏–µ ""–æ—Å–æ–±–µ–Ω–Ω–æ—Å—Ç–∏"" –≤–æ–æ–±—â–µ —Å—É—â–µ—Å—Ç–≤—É–µ—Ç:)) . –ê —è –ª–∏—á–Ω–æ –≤ –≤–æ—Å—Ç–æ—Ä–≥–µ –æ—Ç –≤–∞—à–µ–π –∏–Ω–∏—Ü–∏–∞—Ç–∏–≤—ã! –°–ø–∞—Å–∏–±–æ –±–æ–ª—å—à–æ–µ!!!",3.0,1.0
"–ª—é–¥–∏ —Ä–∞–∑–Ω—ã–µ –≤ —Ä–∞–∑–Ω—ã—Ö —Å—Ç—Ä–∞–Ω–∞—Ö, –∏ –Ω–µ –∑–∞–≤–∏—Å–∏—Ç –æ—Ç –Ω–∞—Ü–∏–æ–Ω–∞–ª—å–Ω–æ—Å—Ç–∏ - –ø—Ä–æ—Å—Ç–æ –∫–∞–∂–¥—ã–π –≤—ã–±–∏—Ä–∞–µ—Ç —Å–≤–æ–π –ø—É—Ç—å. –° —É–¥–æ–≤–æ–ª—å—Å—Ç–≤–∏–µ–º –∫—É–ø–∏–ª–∞ –±—ã —É –≤–∞—Å –æ—Ä–µ—à–∫–æ–≤, –µ—Å–ª–∏ –±—ã –±—ã–ª–∞ –≤ –≤–∞—Ä—à–∞–≤–µ. –ù–µ —Å–æ–≥–ª–∞—à—É—Å—å, —Å –∫–æ–º–º–µ–Ω—Ç–∞—Ä–∏—è–º–∏ –≤—ã—à–µ, —á—Ç–æ –±–µ–ª–∞—Ä—É—Å—ã –∑–∞—Ç–æ–ø—Ç–∞–ª–∏ –±—ã –∫–æ–≥–æ-—Ç–æ, –Ω–æ –º–∏–º–æ –ø—Ä–æ—à–ª–æ –±—ã –±–æ–ª—å—à–∏–Ω—Å—Ç–≤–æ, —Ç–∞–∫ –∫–∞–∫ –ø–æ–∑–∏—Ü–∏—è ""–º–æ—è—Ö–∞—Ç–∞—Å–∫—Ä–∞—é"" —ç—Ç–æ –æ–≥—Ä–æ–º–Ω—ã–π –º–∏–Ω—É—Å –ø—Ä–æ—Ü–µ–Ω—Ç–∞ 70 –±–µ–ª–∞—Ä—É—Å–æ–≤. –ü–æ—ç—Ç–æ–º—É —Ç–µ, –∫—Ç–æ –æ—Å—Ç–∞–µ—Ç—Å—è –≤ –ë–µ–ª–∞—Ä—É—Å–∏ –∏ —É—à–µ–ª –≤ –ø–æ–¥–ø–æ–ª—å–µ, –∂–¥—É—Ç —Å–∞–Ω–∫—Ü–∏–π, –≤ –Ω–∞–¥–µ–∂–¥–µ —á—Ç–æ —Ñ–∏–Ω–∞–Ω—Å–æ–≤—ã–π –∫—Ä–∏–∑–∏—Å —Ä–∞—Å—à–µ–≤–µ–ª–∏—Ç —ç—Ç–æ –±–æ–ª–æ—Ç–æ –∏ –ª—é–¥–∏ –±—É–¥—É—Ç –≤—ã–Ω—É–∂–¥–µ–Ω—ã –≤—ã–π—Ç–∏ –Ω–∞ –∑–∞–±–∞—Å—Ç–æ–≤–∫—É –∏ –ø—Ä–æ—Ç–µ—Å—Ç.",3.0,-1.0
"–°–≤–µ—Ç–ª–∞–Ω–∞, —Ç—ã –º–æ–ª–æ–¥–µ—Ü üëçüí™üí™",1.0,1.0
–ü—Ä–∏–≤–µ—Ç—Å—Ç–≤—É—é. –ê–≤—Ç–æ—Ä –≤—ã—Å–∫–∞–∑–∞–ª—Å—è —Å—É–±—ä–µ–∫—Ç–∏–≤–Ω–æ. –Ø –º–Ω–æ–≥–æ –ª–µ—Ç —Ä–∞–±–æ—Ç–∞—é –ø–ª–µ—á–æ–º –∫ –ø–ª–µ—á—É —Å —É–∫—Ä–∞–∏–Ω—Ü–∞–º–∏. –ò –Ω–µ –±—ã–ª–æ —Ç–∞–∫–æ–≥–æ. –ß—Ç–æ–± –Ω–µ –ø–æ–º–æ–≥–∞–ª–∏. –í–µ–∑–¥–µ –µ—Å—Ç—å –ª–æ–∂–∫–∞ –¥–µ–≥—Ç—è –Ω–∞ –±–æ—á–∫—É –º–µ–¥–∞.,8.0,0.0
"–ù–µ –Ω–∞–¥–æ –æ —É–∫—Ä–∞–∏–Ω—Ü–∞—Ö –ø–ª–æ—Ö–æ –¥—É–º–∞—Ç—å. –ü—Ä–µ–∫—Ä–∞—Å–Ω—ã–π –Ω–∞—Ä–æ–¥ —Å–æ —Å–≤–æ–µ–π –∫—É–ª—å—Ç—É—Äo–π –∏ –∏—Å—Ç–æ—Ä–∏–µ–π. –ë–µ–ª–∞—Ä—É—Å–∞–º –µ—Å—Ç—å —á–µ–º—É —É –Ω–∏—Ö –µ—â—ë –ø–æ—É—á–∏—Ç—å—Å—è. –ù—É –∏ –∏–º, –≤–µ—Ä–æ—è—Ç–Ω–æ, —É –±–µ–ª–∞—Ä—É—Å–æ–≤ —Ç–æ–∂–µ –µ—Å—Ç—å —á—Ç–æ –ø–æ–∑–∞–∏–º—Å—Ç–≤–æ–≤–∞—Ç—å. –ù–µ—Ç –ø–ª–æ—Ö–∏—Ö –Ω–∞—Ä–æ–¥–æ–≤, –µ—Å—Ç—å –ø–ª–æ—Ö–∏–µ –ª—é–¥–∏ –∏ –∏–¥–µ–∏ —Å –¥—É—à–∫–æ–º.
 –°–ª–∞–≤–∞ –£–∫—Ä–∏–Ω–µ !!!
 –ñ–∏–≤–µ –ë–µ–ª–∞—Ä—É—Å—å !!!!
 –°–º–µ—Ä—Ç—å –¥–∏–∫—Ç–∞—Ç–æ—Ä–∞–º !!!!",31.0,1.0
"–í—ã –∑–∞–ø—É—Ç–∞–ª–∏—Å—å, –∂–µ–Ω—â–∏–Ω–∞)) –°—Ä–µ–¥–∏ –∂–∏—Ç–µ–ª–µ–π —É–∫—Ä–∞–∏–Ω—ã –º–Ω–æ–≥–æ –ø—Ä–µ–∫—Ä–∞—Å–Ω—ã—Ö –ª—é–¥–µ–π.))–ù–∞–¥–µ—é—Å—å –æ–Ω–∏ –≤–∞–º –≤—Å—Ç—Ä–µ—Ç—è—Ç—Å—è –æ–¥–Ω–∞–∂–¥—ã))",0.0,0.0
"–°–ø–∞—Å–∏–±–æ –∑–∞ —Ç–∞–∫–∏–µ —Å–ª–æ–≤–∞. –°—Ä–µ–¥–∏ –Ω–∞—à–∏—Ö —Ç–æ–∂–µ –µ—Å—Ç—å —Ä–∞–∑–Ω—ã–µ, –ø—Ä–æ—Å—Ç–æ –º–Ω–æ–≥–∏—Ö —Å–ø–ª–æ—Ç–∏–ª–∞ –æ–±—â–∞—è –±–µ–¥–∞.",0.0,1.0
"–Ø –≤–æ—Å—Ö–∏—â–∞—é—Å—å —Å–º–µ–ª–æ—Å—Ç—å—é —É–∫—Ä–∞–∏–Ω—Ü–µ–≤ - –∫–∞–∫ –≤—ã –ø–æ–≤–µ–ª–∏ —Å–µ–±—è –Ω–∞ –ú–∞–π–¥–∞–Ω–µ. –ï—Å–ª–∏ –±—ã –º—ã –≥–æ—Ç–æ–≤—ã –±—ã–ª–∏ —Å–¥–µ–ª–∞—Ç—å —Ç–∞–∫ –∂–µ, –≤ –ë–µ–ª–∞—Ä—É—Å–∏ —Å–µ–π—á–∞—Å –≤—Å–µ –±—ã–ª–æ –±—ã –ø–æ-–¥—Ä—É–≥–æ–º—É.
 –£ –º–æ–∏—Ö —Å–æ–æ—Ç–µ—á–µ—Å—Ç–≤–µ–Ω–Ω–∏–∫–æ–≤ –µ—Å—Ç—å —Å–≤–æ–∏ –ø–ª—é—Å—ã –∏ –º–∏–Ω—É—Å—ã. –ó–¥–µ—Å—å –≤ –æ—Å–Ω–æ–≤–Ω–æ–º –æ–∫–∞–∑–∞–ª–∏—Å—å —Ç–µ, –∫—Ç–æ –Ω–µ —Å–º–æ–≥ –≤—ã–¥–µ—Ä–∂–∞—Ç—å —Ç–æ–≥–æ, —á—Ç–æ –≤ —Å—Ç—Ä–∞–Ω–µ –Ω–∞—á–∞–ª–∏—Å—å —á—É–¥–æ–≤–∏—â–Ω—ã–µ –ø—ã—Ç–∫–∏. –Ø –¥–æ —Å–∏—Ö –ø–æ—Ä –ø–æ–º–Ω—é —É–∂–∞—Å –ø–æ—Å–ª–µ –ø–µ—Ä–≤—ã—Ö –Ω–æ–≤–æ—Å—Ç–µ–π –∏ –∂–µ–ª–∞–Ω–∏–µ,—á—Ç–æ–±—ã —ç—Ç–æ –±—ã–ª–æ –Ω–µ–ø—Ä–∞–≤–¥–æ–π(((
 –ü–æ—á—Ç–∏ –≤—Å–µ–º —Ç–µ–º, –∫—Ç–æ –Ω–µ —Å–º–æ–≥ —Å–¥–µ—Ä–∂–∞—Ç—å —Å–≤–æ–µ –≤–æ–∑–º—É—â–µ–Ω–∏–µ –∏ –ø—ã—Ç–∞–ª—Å—è –∫–∞–∫-—Ç–æ –ø—Ä–æ—Ç–∏–≤–æ—Å—Ç–æ—è—Ç—å —ç—Ç–æ–º—É –∫–æ—à–º–∞—Ä—É, –ø—Ä–∏—à–ª–æ—Å—å –∏–ª–∏ –±–µ–∂–∞—Ç—å, –∏–ª–∏ —Å–µ—Å—Ç—å –≤ —Ç—é—Ä—å–º—É(( –∞ –æ—Å—Ç–∞–ª–æ—Å—å –≤ —Å—Ç—Ä–∞–Ω–µ –º–Ω–æ–≥–æ —Ç–∞–∫–∏—Ö –ª—é–¥–∏—à–µ–∫, –∫–æ—Ç–æ—Ä—ã–µ —ç—Ç–æ –≤—Å–µ –æ–¥–æ–±—Ä—è—é—Ç –∏ –ø–æ–æ—â—Ä—è—é—Ç. –í—Å—Ç—Ä–µ—Ç—å –≤—ã –∏—Ö, —É –≤–∞—Å –±—ã–ª–∏ –±—ã –¥—Ä—É–≥–∏–µ —ç–º–æ—Ü–∏–∏(((
 –ü—Ä–æ—Å—Ç–æ —Ö–æ—á—É, —á—Ç–æ–±—ã –≤—ã –∑–Ω–∞–ª–∏, —á—Ç–æ –º—ã, –±–µ–ª–∞—Ä—É—Å—ã, –≤–æ—Å—Ö–∏—â–∞–µ–º—Å—è –º–Ω–æ–≥–∏–º–∏ —á–µ—Ä—Ç–∞–º–∏ –≤–∞—à–∏—Ö —Å–æ–æ—Ç–µ—á–µ—Å—Ç–≤–µ–Ω–Ω–∏–∫–æ–≤. –°—Ä–µ–¥–∏ —É–∫—Ä–∞–∏–Ω—Ü–µ–≤ –º–Ω–æ–≥–æ –æ—á–µ–Ω—å —Ö–æ—Ä–æ—à–∏—Ö –ª—é–¥–µ–π.
 –ê –Ω–µ–≥–æ–¥—è–µ–≤ –≤ –ª—é–±–æ–π —Å—Ç—Ä–∞–Ω–µ —Ö–≤–∞—Ç–∞–µ—Ç((( –ø—Ä–æ—Å—Ç–æ –±–µ–ª–æ—Ä—É—Å—Å–∫–∏–º –∫—Ä–∞—Å–∞—É—Ü–∞–º –∏ —è–±–∞—Ç—å–∫–∞–º –ø—Ä–∏—Ö–æ–¥–∏—Ç—Å—è –≤ –±–æ–ª—å—à–∏–Ω—Å—Ç–≤–µ —Å–≤–æ–µ–º —Å–∏–¥–µ—Ç—å –¥–æ–º–∞.",10.0,1.0
"–ù–µ –º–æ–≥—É –Ω–µ —Å–∫–∞–∑–∞—Ç—å –æ —É–∫—Ä–∞–∏–Ω—Ü–∞—Ö..
–í—Å–µ,–∫—Ç–æ –±—ã–ª 9 –∞–≤–≥—É—Å—Ç–∞ –≤ –í–∞—Ä—à–∞–≤–µ —É –±–µ–ª.–∫–æ–Ω—Å—É–ª—å—Å—Ç–≤–∞ –≤ –æ—á–µ—Ä–µ–¥–∏ –Ω–∞ –≥–æ–ª–æ—Å–æ–≤–∞–Ω–∏–µ,–∞ —ç—Ç–æ –æ–∫–æ–ª–æ 3—Ç. –ß–µ–ª–æ–≤–µ–∫,–≤—Å–ø–æ–º–Ω–∏—Ç–µ!!!!
–ñ–∞—Ä–∞ –Ω–µ–≤—ã–Ω–æ—Å–∏–º–∞—è,–¥—É—Ö–æ—Ç–∞,–º–æ—Ä–µ –ª—é–¥–µ–π.. –ö—Ç–æ –±—ã–ª–∏ —Ç–µ –≤–æ–ª–æ–Ω—Ç—ë—Ä—ã —Å –∑–æ–Ω—Ç–∞–º–∏ –æ—Ç —Å–æ–ª–Ω—Ü–∞, —Å –∫—Ä–µ—Å–ª–∞–º–∏, —Å —É–ø–∞–∫–æ–≤–∫–∞–º–∏ –≤–æ–¥—ã –∏ –æ–¥–Ω–æ—Ä–∞–∑–æ–≤—ã–º–∏ —Å—Ç–∞–∫–∞–Ω—á–∏–∫–∞–º–∏? –ö—Ç–æ —Ä–∞–∑–Ω–æ—Å–∏–ª –º–æ—Ä–æ–∂–µ–Ω–æ–µ –∏ –¥–æ–º–∞—à–Ω—é—é –µ–¥—É?? –ö—Ç–æ –Ω–∞—Ö–æ–¥–∏–ª —Å–æ–ª–Ω—Ü–µ–∑–∞—â–∏—Ç–Ω—ã–µ –∫—Ä–µ–º–∞? –ö—Ç–æ –Ω–∞—Å –ø–æ–¥–¥–µ—Ä–∂–∏–≤–∞–ª —Å –º–∞—à–∏–Ω,—Å —Ö–æ—Å—Ç–µ–ª–∞ —Ä—è–¥–æ–º? –ö—Ç–æ –ø—Ä–æ—Å—Ç–æ –ø—Å–∏—Ö–æ–ª–æ–≥–∏—á–µ—Å–∫–∏ –ø—Ä–∏—à—ë–ª –Ω–∞—Å –ø–æ–¥–¥–µ—Ä–∂–∞—Ç—å,–æ–±–Ω–∏–º–∞–ª –∏ –≥–æ–≤–æ—Ä–∏–ª,—á—Ç–æ –≤–µ—Ä–∏—Ç –≤ –Ω–∞—Å –∏ –Ω–∞—à—É —Å–≤–æ–±–æ–¥—É???
–≠—Ç–æ –±—ã–ª–∏ —É–∫—Ä–∞–∏–Ω—Ü—ã!!! –û–±—ã—á–Ω—ã–µ –ª—é–¥–∏,—Ä–∞–±–æ—á–∏–µ,—Å—Ç—É–¥–µ–Ω—Ç—ã,–∫–æ—Ç–æ—Ä—ã–µ –Ω–µ –±—ã–ª–∏ –∑–Ω–∞–∫–æ–º—ã –º–µ–∂–¥—É —Å–æ–±–æ–π,–Ω–æ –≤—Å–µ –¥–µ–π—Å—Ç–≤–æ–≤–∞–ª–∏ –∫–∞–∫ –æ–¥–Ω–∞ –∫–æ–º–∞–Ω–¥–∞. –ò —ç—Ç–æ –±—ã–ª–æ –≤–æ—Å—Ö–∏—Ç–∏—Ç–µ–ª—å–Ω–æ! –ò –Ω–∞–ø–æ–ª–Ω–∏–ª–æ –±–µ—Å–∫–æ–Ω–µ—á–Ω–æ–π –±–ª–∞–≥–æ–¥–∞—Ä–Ω–æ—Å—Ç—å—é –∏ —É–≤–∞–∂–µ–Ω–∏–µ–º..",20.0,1.0
"–ö–∞–∫ –∏–Ω—Ç–µ—Ä–µ—Å–Ω–æ –Ω–∞–±–ª—é–¥–∞—Ç—å —Å —Ç–æ—á–∫–∏ –∑—Ä–µ–Ω–∏—è –ø—Å–∏—Ö–æ–ª–æ–≥–∏–∏, –∞–≤—Ç–æ—Ä –≤—ã—Å–∫–∞–∑–∞–ª –≤–æ—Å—Ö–∏—â–µ–Ω–∏–µ –∏ –ª–∏—á–Ω–æ–µ –º–Ω–µ–Ω–∏–µ, –ø–æ—Å—Ç—Ä–æ–µ–Ω–Ω–æ–µ –Ω–∞ —Å–≤–æ—ë–º –∂–∏–∑–Ω–µ–Ω–Ω–æ–º –æ–ø—ã—Ç–µ. –ò —Ç—É—Ç —É –∫–∞–∂–¥–æ–≥–æ –ø–æ–ª–µ–∑ —Å–≤–æ–π... –ö–∞–∫ –±–µ–ª–æ—Ä—É—Å–∫–∞ —Å —É–¥–æ–≤–æ–ª—å—Å—Ç–≤–∏–µ–º –ø—Ä–∏–Ω–∏–º–∞—é –≤–∞—Å –≤ —Å–≤–æ—ë –æ–±—â–µ—Å—Ç–≤–æ. –û–±–Ω–∏–º–∞—é –∑–∞ —Ç–∞–∫–∏–µ –ø—Ä–∏—è—Ç–Ω—ã–µ —Å–ª–æ–≤–∞. –ë–ª–∞–≥–æ–¥–∞—Ä—é –∑–∞ –¥—É—à–µ–≤–Ω—ã–π –ø–æ—Ä—ã–≤. –î—É–º–∞—é, –∫–æ–º—É-—Ç–æ, –¥–µ–π—Å—Ç–≤–∏—Ç–µ–ª—å–Ω–æ, –æ–Ω —Ä–µ–∞–ª—å–Ω–æ –ø–æ–¥—Å–ª–∞—Å—Ç–∏—Ç –∂–∏–∑–Ω—å. –°–∞–º–æ –æ–±—ä—è–≤–ª–µ–Ω–∏–µ —É–∂–µ –ø–æ–¥—Å–ª–∞—Å—Ç–∏–ª–æ –≤—Å–µ–º, –∫—Ç–æ –µ–≥–æ —á–∏—Ç–∞–ª. –í–µ–¥—å –≤—ã –Ω–∞–ø–æ–ª–æ–≤–∏–Ω—É —É–∫—Ä–∞–∏–Ω–∫–∞, —Å –≤–∞—Å –º–æ–∂–µ—Ç –Ω–∞—á–∞—Ç—å—Å—è –ø–æ–¥–æ–±–Ω–æ–µ –¥–≤–∏–∂–µ–Ω–∏–µ –∏ —Å—Ä–µ–¥–∏ —É–∫—Ä–∞–∏–Ω—Ü–µ–≤. –ù–µ –≤–∏–∂—É –Ω–∏—á–µ–≥–æ —Ç–∞–∫–æ–≥–æ, —á—Ç–æ–± –≤—ã –Ω–∞–ø–∏—Å–∞–ª–∏ –Ω–µ —Ç–∞–∫. –ú–∞–π–¥–∞–Ω –ú–∞–π–¥–∞–Ω–æ–º, –∞ –ü–æ–ª—å—à–∞ –ü–æ–ª—å—à–µ–π... –ò –æ—Å–∫–æ–ª–∫–∏ –≤ –≥–ª–∞–∑–∞—Ö —É –ª—é–¥–µ–π, –∫–∞–∫ —É –ö–∞—è, —á–µ—Ä–µ–∑ –∫–æ—Ç–æ—Ä—ã–µ –æ–Ω–∏ –≤–∏–¥—è—Ç –≤—Å—ë –ø–æ-—Å–≤–æ–µ–º—É.",19.0,1.0
–ì–Ω–∏–ª—å—Ü–∞ –æ—Å—Ç–∞–ª–∞—Å—å –¥–æ–º–∞. –õ—É—á—à–∏–µ —É–µ—Ö–∞–ª–∏((( –•–æ—Ç—è –≤ –ë–µ–ª–∞—Ä—É—Å–∏ —Ç–æ–∂–µ –µ—â–µ –æ—Å—Ç–∞–ª–æ—Å—å –º–Ω–æ–≥–æ —Ö–æ—Ä–æ—à–∏—Ö –ª—é–¥–µ–π.,4.0,0.0
"–°–º–æ—Ç—Ä–∏—Ç–µ,–¥—Ä—É–∑—å—è! –Ø –Ω–∞–ø–∏—Å–∞–ª–∞ —Å–≤–æ–∏ –º—ã—Å–ª–∏,—Å–≤–æ–∏ —ç–º–æ—Ü–∏–∏ –Ω–∞ –¥–∞–Ω–Ω–æ–µ –≤—Ä–µ–º—è.
 –ü–æ—á–∏—Ç–∞–π—Ç–µ,–∫—Ç–æ —á—Ç–æ –ø–∏—à–µ—Ç-----–æ—Ç —Å—é–¥–∞ –≤—ã–≤–æ–¥,–∫—Ç–æ –æ —á–µ–º –ø–∏—à–µ—Ç,—Ç–æ –∏ –±–µ—Å–ø–æ–∫–æ–∏—Ç!!!
 –ú–∏–ª—ã–µ,—è –ø–∏—Å–∞–ª–∞ –æ –¥—Ä—É–≥–æ–º!!!! –ù–æ,–∫–∞–∂–¥—ã–π –∏–∑ –≤–∞—Å –≤–∏–¥–∏—Ç —Ç–æ,—á—Ç–æ —Ö–æ—á–µ—Ç –≤–∏–¥–µ—Ç—å!!! –ò –¥–∞–∂–µ —ç—Ç–æ –Ω–∞–ø–∏—Å–∞–≤,–≤—Å–µ —Ä–∞–≤–Ω–æ –Ω–µ —Ä–∞–±–æ—Ç–∞–µ—Ç(((–í–æ–æ–±—â–µ–º,–±—É–¥—É —Ä–∞–¥–∞ –ø–æ–º–æ—á—å,—á–µ–º –º–æ–≥—É,–ø–∏—à–∏—Ç–µ –≤ –ª–∏—á–∫—É! –° –º–∏—Ä—É –ø–æ –Ω–∏—Ç–∫–µ,–≥–æ–ª–æ–º—É-—Ä—É–±–∞—à–∫–∞....–≥–æ–≤–æ—Ä–∏–ª–∞ –º–æ—è –º–∞–º–∞)",7.0,1.0
"–ï—Å–ª–∏ –±—ã –ë–µ–ª–æ—Ä—É—Å—ã –±—ã–ª–∏ —Ç–∞–∫–∏–µ —Å–ø–ª–æ—á—ë–Ω–Ω—ã–π, –∫–∞–∫ –≤—ã –≥–æ–≤–æ—Ä–∏—Ç–µ, –õ—É–∫–∞—à–µ–Ω–∫–æ –¥–∞–≤–Ω–æ –±—ã –Ω–µ –±—ã–ª —É –≤–ª–∞—Å—Ç–∏.",6.0,-1.0
"–°–ø–∞—Å–∏–±–æ –í–∞–º –∑–∞ –í–∞—à–µ –º–Ω–µ–Ω–∏–µ! –ò –∑–∞ –æ—Ç–Ω–æ—à–µ–Ω–∏–µ –∫ –±–µ–ª–∞—Ä—É—Å–∞–º. –ò –∑–∞ —Ç–µ —á—É–≤—Å—Ç–≤–∞ –∏ –ø–µ—Ä–µ–∂–∏–≤–∞–Ω–∏—è, –∫–æ—Ç–æ—Ä—ã–µ –í—ã –∏—Å–ø—ã—Ç—ã–≤–∞–µ—Ç–µ. –ò –∑–∞ –ø–æ–¥–¥–µ—Ä–∂–∫—É. –ò –∑–∞ —Ç–æ, —á—Ç–æ –ø—Ä–µ–¥–ª–∞–≥–∞–µ—Ç–µ –ø–æ–º–æ—â—å. –ü—Ä–æ—Å—Ç–æ —Å–ø–∞—Å–∏–±–æ! –í—ã —á—É–¥–µ—Å–Ω–∞—è, –∂–∏–≤–∞—è –∏ —Å–æ–ª–∏–¥–∞—Ä–Ω–∞—è! –•—Ä–∞–Ω–∏—Ç–µ –≤ —Å–µ–±–µ —ç—Ç–∏ –ª—É—á—à–∏–µ –∫–∞—á–µ—Å—Ç–≤–∞! –ù–µ –ø—Ä–∏–Ω–∏–º–∞–π—Ç–µ –±–ª–∏–∑–∫–æ –∫ —Å–µ—Ä–¥—Ü—É —Ç–æ –Ω–µ–≥–∞—Ç–∏–≤–Ω–æ–µ –∏–ª–∏ –∫—Ä–∏—Ç–∏—á–Ω–æ–µ, —á—Ç–æ –ø–∏—à—É—Ç –≤ –∫–æ–º–º–µ–Ω—Ç–∞—Ä–∏—è—Ö. –í–∞—à–µ –ø—Ä–µ–¥–ª–æ–∂–µ–Ω–∏–µ –≤—Å–µ–ª–∏–ª–æ (–∏ –ø–æ–¥–∫—Ä–µ–ø–∏–ª–æ) –≤ –±–µ–ª–∞—Ä—É—Å–æ–≤ –≤–µ—Ä—É –≤ –¥–æ–±—Ä—ã—Ö –ª—é–¥–µ–π, –≤ —Ç–æ, —á—Ç–æ –≤ —Å–∞–º—ã—Ö —Å–ª–æ–∂–Ω—ã—Ö —Å–∏—Ç—É–∞—Ü–∏—è—Ö –∏—Ö –Ω–µ –æ—Å—Ç–∞–≤—è—Ç –Ω–∞–µ–¥–∏–Ω–µ —Å –±–µ–¥–æ–π –∏ –Ω–µ–ø—Ä–∏—è—Ç–Ω–æ—Å—Ç—è–º–∏. –ë–æ–ª—å—à–æ–µ —á–µ–ª–æ–≤–µ—á–µ—Å–∫–æ–µ —Å–ø–∞—Å–∏–±–æ!",5.0,1.0
"@Svitlana Milewska –∞ —á—Ç–æ –≤–∞—Å —Ç–∞–∫ –Ω–∞–ø—É–≥–∞–ª–æ, —á—Ç–æ ""–≤—ã–±—Ä–æ—Å –∞–¥—Ä–µ–Ω–∞–ª–∏–Ω–∞""?
 –ê–¥—Ä–µ–Ω–∞–ª–∏–Ω - –≥–æ—Ä–º–æ–Ω —Å—Ç—Ä–∞—Ö–∞, —Å–∏–ª—å–Ω–æ–π –∏—Å–ø—É–≥–∞–Ω–Ω–æ—Å—Ç–∏.",6.0,-1.0
"–≠–¢–û–¢ –ü–û–°–¢ –ù–ê–ü–ò–°–ê–ù –ù–ï –û –ù–ê–¶–ò–û–ù–ê–õ–ò–ó–ú–ï
 –ù–ï –ü–†–û–¢–ò–í –°–¢–†–ê–ù –ò –ù–ê–¶–ò–û–ù–ê–õ–¨–ù–û–°–¢–ï–ô!!!!!!
 –õ–Æ–î–ò,–≤—ã –∫–æ–≥–¥–∞ –Ω–∞—á–Ω—ë—Ç–µ —á–∏—Ç–∞—Ç—å,—Ç–æ,—á—Ç–æ –Ω–∞–ø–∏—Å–∞–Ω–æ......–∞ –Ω–µ —Ç–æ,—á—Ç–æ –≤—ã —Å–∞–º–∏ —Å–µ–±–µ –ø—Ä–∏–¥—É–º—ã–≤–∞–µ—Ç–µ??????
 –í–æ—Ç –æ—Ç —Å—é–¥–∞ –∏ –Ω–∞—á–∏–Ω–∞–µ—Ç—Å—è, –Ω–µ–ø–æ–Ω–∏–º–∞–Ω–∏–µ,—Å—Ç—Ä–∞—Ö–∏,–ø—Ä–µ–∑—Ä–µ–Ω–∏–µ,–±–æ—è–∑–Ω—å, —Å—Ç—É–ø–æ—Ä –∏ –∫—É—á–∞ –¥—Ä—É–≥–∏—Ö —á—É–≤—Å—Ç–≤ –∏ —ç–º–æ—Ü–∏–π.
 –Ø –ø–æ—Å—Ç –Ω–µ –æ–± —ç—Ç–æ–º –ø–∏—Å–∞–ª–∞!!!!!!!!!!!! –ù–æ,–∫–∞–∂–¥—ã–π –∏–∑ –≤–∞—Å,–ø–∏—à–µ—Ç,—Ç–æ,—á—Ç–æ –≤–∞–º –±–æ–ª–∏—Ç!!! –ù–æ,—è —Ç–æ –Ω–µ –æ–± —ç—Ç–æ–º!!!
 –ü–µ—Ä–µ—Å—Ç–∞–Ω—å—Ç–µ –Ω–∞–¥—É–º—ã–≤–∞—Ç—å –∏ –ø—Ä–µ–≤—Ä–∞—â–∞—Ç—å –∂–∏–∑–Ω—å –≤ –∞–∂–∏–æ—Ç–∞–∂,!!!!!!
 –í—Å–µ –±–µ–¥—ã –æ—Ç –Ω–∞—Å —Å–∞–º–∏—Ö –∂–µ....—É–≤—ã –∏ –∞—Ö......................",15.0,-1.0
"–ö–∞–∂–¥—ã–π —Å—É–¥–∏—Ç –ø–æ —Å–µ–±–µ...–Ω–µ –¥—É–º–∞—é —á—Ç–æ –≤—ã –∏–º–µ–µ—Ç–µ –∫ –£–∫—Ä–∞–∏–Ω–µ –∏ —É–∫—Ä–∞–∏–Ω—Ü–∞–º –∫–∞–∫–æ–µ –ª–∏–±–æ –æ—Ç–Ω–æ—à–µ–Ω–∏–µ. –ù–∞–ø–æ–º–∏–Ω–∞–µ—Ç –º–Ω–µ –õ—É–∫–∞—à–µ–Ω–∫–∞ —Å –µ–≥–æ ,,–Ω–∞—Ä–æ–¥–µ—Ü.''",8.0,-1.0
–ë–ª–∞–≥–æ–¥–∞—Ä—é,2.0,1.0
"–ö–∞–∫ –≥–æ–≤–æ—Ä–∏—Ç—Å—è , –≤ —Å–µ–º—å–µ –Ω–µ –±–µ–∑ —É—Ä–æ–¥–∞, –≤–µ–∑–¥–µ —Ö–≤–∞—Ç–∞–µ—Ç –≥–æ–≤–Ω–∞",5.0,-1.0
"–ü—Ä–∏—è—Ç–Ω–æ –±—ã–ª–æ —á–∏—Ç–∞—Ç—å –≤–∞—à –ø–æ—Å—Ç, –Ω–æ —Ö–æ—á—É, –∫–∞–∫ –ø–∞—Ç—Ä–∏–æ—Ç–∫–∞ –ë–µ–ª–∞—Ä—É—Å–∏ –≤—Å—Ç—É–ø–∏—Ç—å—Å—è –∑–∞ —É–∫—Ä–∞–∏–Ω—Ü–µ–≤. –í–æ –≤—Ä–µ–º—è –ú–∞–π–¥–∞–Ω–∞ –æ–Ω–∏ –±—ã–ª–∏ –æ–¥–Ω–æ–π –∫–æ–º–∞–Ω–¥–æ–π –∏ –æ—Ç—Å—Ç–∞—è–ª–∏ –ø—Ä–∞–≤–æ –æ—Å—Ç–∞—Ç—å—Å—è —É–∫—Ä–∞–∏–Ω—Ü–∞–º–∏. –Ø –Ω–µ –ø—Ä–µ–¥—Å—Ç–∞–≤–ª—è—é —Å–∏—Ç—É–∞—Ü–∏—é –≤ –ö–∏–µ–≤–µ, –∫–æ–≥–¥–∞ –±—å—é—Ç, –∞ –ø–æ—Ç–æ–º –∑–∞–±–∏—Ä–∞—é—Ç –≤ –∞–≤—Ç–æ–∑–∞–∫ —Ç–≤–æ–µ–≥–æ –±—Ä–∞—Ç–∞, –∞ —Ç—ã –ø—Ä–æ—Å—Ç–æ —Å–Ω–∏–º–∞–µ—à—å –≤–∏–¥–µ–æ, –∫–∞–∫ –æ–Ω–∏ —ç—Ç–æ –¥–µ–ª–∞—é—Ç. –°–∫–∞–∂—É —á–µ—Å—Ç–Ω–æ: —ç—Ç–æ –±—ã–ª–æ –Ω–µ –ø—Ä–æ—Å—Ç–æ –æ—Ç—Å—É—Ç—Å—Ç–≤–∏–µ –æ—Ä–≥–∞–Ω–∏–∑–∞—Ü–∏–∏, –∞ —ç—Ç–æ –±—ã–ª–æ –∏ –µ—Å—Ç—å —Å–ø–ª–∞–Ω–∏—Ä–æ–≤–∞–Ω–Ω–æ–µ —É–Ω–∏—á—Ç–æ–∂–µ–Ω–∏–µ –Ω–∞—Å, –∫–∞–∫ –Ω–∞—Ü–∏–∏. –ú–Ω–æ–≥–∏–µ —ç—Ç–æ –ø–æ–Ω–∏–º–∞–ª–∏ –∏–∑–Ω–∞—á–∞–ª—å–Ω–æ, –º–Ω–æ–≥–∏–µ –ø–µ—Ä–µ–æ—Å–º—ã—Å–ª–∏–ª–∏ –ø–æ—Å–ª–µ –Ω–µ—É–¥–∞–≤—à–∏—Ö—Å—è –ø—Ä–æ—Ç–µ—Å—Ç–æ–≤. –£–Ω–∏—á—Ç–æ–∂–µ–Ω–æ –≤—Å—ë –±–µ–ª–∞—Ä—É—Å–∫–æ–µ, –∞ –Ω–∞—à–∏ –ª–∏–¥–µ—Ä—ã —Ç—Ä–µ–±—É—é—Ç –≤—Å—ë –±–æ–ª—å—à–µ —Å–∞–Ω–∫—Ü—ã–π, –∫–∞–∫ –±—É–¥—Ç–æ —ç—Ç–∏ –º–µ—Ä—ã –ø–æ–º–æ–≥–ª–∏ –Ω–∞—Ä–æ–¥–∞–º –ö—É–±—ã –∏ –°–µ–≤–µ—Ä–Ω–æ–π –ö–æ—Ä–µ–∏. –¢–æ, —á—Ç–æ –ø–æ–º–æ–≥–∞—é—Ç –¥—Ä—É–≥ –¥—Ä—É–≥—É - —ç—Ç–æ —Ö–æ—Ä–æ—à–æ, —Ç–æ–ª—å–∫–æ –≤ —ç—Ç–æ –≤—Ä–µ–º—è –≤ —Å–∞–º–æ–π –ë–µ–ª–∞—Ä—É—Å–∏ –¥—É—à–∞—Ç –≤—Å—ë –Ω–∞—Ü–∏–æ–Ω–∞–ª—å–Ω–æ–µ, –ø—Ä–∏–±–ª–∏–∂–∞—è –ø–æ–ª–∑—É—á—É—é –∏–Ω—Ç–µ–≥—Ä–∞—Ü–∏—é –∫ –Ω–∞–º –≤—Å–µ–≥–æ —Ä–æ—Å—Å–∏–π—Å–∫–æ–≥–æ. –õ—é–¥–∏ —Å—Ç–∞–ª–∏ —Ä–∞–∑–≥–æ–≤–∞—Ä–∏–≤–∞—Ç—å —à—ë–ø–æ—Ç–æ–º, –∫–∞–∫ –≤ 30-–µ.
 –Ø –Ω–µ –≥–æ–ª–æ—Å–æ–≤–∞–ª–∞ –∑–∞ –Ω–µ –∑–∞ –¢–∏—Ö–∞–Ω–æ–≤—Å–∫—É—é, –Ω–µ –∑–∞ –ë–∞–±–∞—Ä–∏–∫–æ, –Ω–µ –ø–æ–¥–¥–µ—Ä–∂–∏–≤–∞–ª–∞ –ö–æ–ª–µ—Å–Ω–∏–∫–æ–≤—É —Å –µ–µ —Ñ–∞–ª—å—à–∏–≤–æ-—Ü–∏–Ω–∏—á–Ω–æ–π —É–ª—ã–±–æ—á–∫–æ–π: ""–ê–≤—Ç–æ–∑–∞–∫ - —ç—Ç–æ —Ç–æ–ª—å–∫–æ –º–∞—à–∏–Ω–∞"". –ö–∏–Ω—É–ª–∏ –º–æ–π –¥–æ–≤–µ—Ä—á–∏–≤—ã–π –Ω–∞—Ä–æ–¥ –≤ –æ—á–µ—Ä–µ–¥–Ω–æ–π —Ä–∞–∑. –ü–æ—Ç–æ–º—É —á—Ç–æ –¥–æ–≤–µ—Ä—è–µ–º –∫–∞–∂–¥—ã–π —Ä–∞–∑ –Ω–µ —Ç–µ–º –∏ –ø–æ—Ç–æ–º —Å –∑–∞–≤–∏—Å—Ç—å—é —Å–º–æ—Ç—Ä–∏–º –≤—Å–ª–µ–¥ —É—Ö–æ–¥—è—â–∏–º –æ—Ç –†–æ—Å—Å–∏–∏ —Ä–µ—Å–ø—É–±–ª–∏–∫–∞–º, –∫–∞–∂–¥—ã–π —Ä–∞–∑ –≤—ã–±–∏—Ä–∞—è –ø—Ä–æ—Ä–æ—Å—Å–∏–π—Å–∫–∏—Ö –ø–æ–¥–∫–∏–¥—ã—à–µ–π, –∫–æ—Ç–æ—Ä—ã–µ –∂–¥—É—Ç —Ä–µ–∑—É–ª—å–∞—Ç–∞ –≤ ""–º—É–¥—Ä–æ–π –ú–æ—Å–∫–≤–µ"".
 –ü—Ä–æ—Å—Ç–∏—Ç–µ, –Ω–∞–∫–∏–ø–µ–ª–æ! –ê —Ö–æ—Ç–µ–ª–∞ —Ç–æ–ª—å–∫–æ –≤—ã—Å–∫–∞–∑–∞—Ç—å—Å—è –≤ –∑–∞—â–∏—Ç—É —É–∫—Ä–∞–∏–Ω—Ü–µ–≤.",19.0,-1.0
"–ß—Ç–æ —Ç—ã –Ω–µ—Å—ë—à—å, —É–∫—Ä–∞–∏–Ω—Ü—ã - –ø—Ä–µ–∫—Ä–∞—Å–Ω—ã–π –Ω–∞—Ä–æ–¥",0.0,1.0
"–ê —Å–ª–∞–±–æ –ø–æ—Ö–≤–∞–ª–∏—Ç—å –æ–¥–∏–Ω –Ω–∞—Ä–æ–¥, –Ω–µ –æ–ø—É—Å–∫–∞—è –ø—Ä–∏ —ç—Ç–æ–º –¥—Ä—É–≥–æ–π?",11.0,0.0
"–°–≤–µ—Ç–ª–∞–Ω–∞, –µ—Å–ª–∏ –µ—Å—Ç—å –ø–æ—Ä—ã–≤ –ø–æ–º–æ—á—å, –≤–æ–∑–º–æ–∂–Ω–æ —É–º–µ—Å—Ç–Ω–æ —Ç–æ—Ä—Ç–∏–∫ –∏ –æ—Ä–µ—à–∫–∏ –ø–µ—Ä–µ–¥–∞—Ç—å —Ç–µ–º –∂–µ –±–µ–∂–µ–Ω—Ü–∞–º –≤ –ª–∞–≥–µ—Ä—å? –î–µ—Ç—è–º, –Ω–∞–ø—Ä–∏–º–µ—Ä. –ü—É—Å—Ç—å –º–µ–Ω—è –ø–æ–ø—Ä–∞–≤—è—Ç –≤–æ–ª–æ–Ω—Ç–µ—Ä—ã, –∏–º –≤–∏–¥–Ω–µ–µ, –≥–¥–µ –±–æ–ª—å—à–µ –Ω—É–∂–Ω–∞ –ø–æ–º–æ—â—å.",2.0,0.0
"–ù–µ—Ç –ø–ª–æ—Ö–∏—Ö –Ω–∞—Ü–∏–æ–Ω–∞–ª—å–Ω–æ—Å—Ç–µ–π - –µ—Å—Ç—å –ø–ª–æ—Ö–∏–µ –ª—é–¥–∏‚Ä¶ —Ç–∞–∫ –±—ã–ª–æ –≤—Å–µ–≥–¥–∞ –∏ —Ç–∞–∫ –≤—Å–µ–≥–¥–∞ –±—É–¥–µ—Ç, –ø–æ–∫–∞ —Å—É—â–µ—Å—Ç–≤—É–µ—Ç —á–µ–ª–æ–≤–µ—á–µ—Å—Ç–≤–æ‚Ä¶",6.0,0.0
–ü–æ—Å—Ç —Ä–∞–∑–∂–∏–≥–∞—é—â–∏–π –≤—Ä–∞–∂–¥—É. –ó–∞—á–µ–º —Å—Ä–∞–≤–Ω–∏–≤–∞—Ç—å —Ä–∞–∑–Ω—ã–µ –Ω–∞—Ä–æ–¥—ã –∏ –Ω–∞—Ü–∏–æ–Ω–∞–ª—å–Ω–æ—Å—Ç–∏?,24.0,-1.0
"–Ø –Ω–∞–æ–±–æ—Ä–æ—Ç –≤–æ—Å—Ö–∏—â–∞—é—Å—å —É–∫—Ä–∞–∏–Ω—Å–∫–æ–π –æ–±—â–∏–Ω–æ–π –≤ –ü–æ–ª—å—à–µ, –ø—Ä–∏–µ—Ö–∞–≤ –æ–∫–æ–ª–æ 10 –ª–µ—Ç –Ω–∞–∑–∞–¥, –∏–º–µ–Ω–Ω–æ —É–∫—Ä–∞–∏–Ω—Ü—ã –º–Ω–µ –ø–æ–º–∞–≥–∞–ª–∏, –±–µ–∑–≤–æ–∑–º–µ–∑–¥–Ω–æ, –Ω–∞—Å–∫–æ–ª—å–∫–æ —É –Ω–∏—Ö –±—ã–ª–∞ —Ä–∞—Å–ø—Ä–æ—Å—Ç—Ä–∞–Ω–µ–Ω–∞ –ø–æ–º–æ—â—å –¥—Ä—É–≥ –¥—Ä—É–≥—É, —é—Ä–∏—Å—Ç—ã, —É–∫—Ä–∞–∏–Ω—Å–∫–∞—è —à–∫–æ–ª–∞ –≤—ã—Ö–æ–¥–Ω–æ–≥–æ –¥–Ω—è, –∫—É—Ä—Å—ã, –∞–¥–∞–ø—Ç–∞—Ü–∏—è, —Å–∫–æ–ª—å–∫–æ –≤—Ä–∞—á–µ–π —É–∫—Ä–∞–∏–Ω—Å–∫–∏—Ö –º–Ω–µ –ø–æ–º–∞–≥–∞–ª–æ.",12.0,1.0
–°–ª–µ–∑—å—Ç–µ —Å —É–∫—Ä–∞–∏–Ω—Ü–µ–≤ –º–Ω–æ–≥–æ —á–µ–≥–æ –±—ã–ª–æ –≤ 2014 –í—ã –ø—Ä–æ—Å—Ç–æ —ç—Ç–æ–≥–æ –Ω–µ –∑–∞—Å—Ç–∞–ª–∏. –ê —Å–µ–π—á–∞—Å –ø–æ—Ä–∞ –± —É–∂–µ —Å–∞–º–∏–º –≤—Å—Ç–∞–≤–∞—Ç—å,6.0,0.0
"–≠—Ç–æ —Ç–æ–ª—å–∫–æ –∑–¥–µ—Å—å. –í –ë–µ–ª–∞—Ä—É—Å–∏ –¥—Ä—É–≥ –¥—Ä—É–≥–∞ –Ω–µ–Ω–∞–≤–∏–¥—è—Ç, –∏ –∑–∞—Ç–æ–ø—á—É—Ç –±–µ–∑ –ø–æ–≤–æ–¥–∞, –∫–∞–∫ —Ç–æ–ª—å–∫–æ –ø–æ—è–≤–∏—Ç—Å—è —Ç–∞–∫–∞—è –≤–æ–∑–º–æ–∂–Ω–æ—Å—Ç—å!!! –ê –º–Ω–µ –ª–∏—á–Ω–æ –≤ –ü–æ–ª—å—à–µ –æ—á–µ–Ω—å –º–Ω–æ–≥–æ –ø–æ–º–æ–≥–ª–∏ —É–∫—Ä–∞–∏–Ω—Ü—ã, —Å–∫–∞–∂–µ–º, –±–ª–∞–≥–æ–¥–∞—Ä—è —É–∫—Ä–∞–∏–Ω—Ü–∞–º —è –∫–∞–∫-—Ç–æ —É–¥–µ—Ä–∂–∞–ª–∞—Å—å, –∞ –≤–æ—Ç –∑–µ–º–ª—è–∫–∏ –±–µ–ª–æ—Ä—É—Å—ã –Ω–µ –µ–¥–∏–Ω–æ–∂–¥—ã —Å—Ç–∞–≤–∏–ª–∏ –ø–æ–¥–Ω–æ–∂–∫–∏. –¢–∞–∫ —á—Ç–æ....",24.0,-1.0
"—Å–º–µ—Ö –∑–¥–µ—Å—å –ª–∏—à–Ω–∏–π. –ù–∞ —Ç–µ–º—É –ø–æ–ª–∏—Ç–∏–∫–∏ –Ω–µ –æ–±—â–∞—é—Å—å. –Ø –ø—Ä–µ–¥–ª–∞–≥–∞—é –±–µ—Å–ø–ª–∞—Ç–Ω—ã–µ —Å–ª–∞–¥–æ—Å—Ç–∏,–Ω—É –∏ –ø–æ–¥–µ–ª–∏–ª–∞—Å—å —ç–º–æ—Ü–∏—è–º–∏. –í—Å–µ –æ—Å—Ç–∞–ª—å–Ω–æ–µ,–ù–∞—Ç–∞–ª–∏—è,—ç—Ç–æ –≤–∞—à–∏ —ç–º–æ—Ü–∏–∏ –∏ –¥–æ–º—ã—Å–ª—ã.",6.0,0.0
–û—Ç–ª–∏—á–Ω–æ. –ê –ø–æ–ª–∏—Ç–∏–∫—É –í—ã –≥–¥–µ —É–≤–∏–¥–µ–ª–∏?),0.0,0.0
"–ü–æ—Å—Ç–∞—Ä–∞–π—Ç–µ—Å—å –Ω–µ —Ä–µ–∞–≥–∏—Ä–æ–≤–∞—Ç—å –∏ –æ–±—Ä–∞—â–∞—Ç—å –≤–Ω–∏–º–∞–Ω–∏–µ! –Ø –±–ª–∞–≥–æ–¥–∞—Ä–µ–Ω –í–∞–º –∑–∞ –≤–∞—à –ø–æ—Å—Ç –æ –±–µ–ª–∞—Ä—É—Å–∞—Ö! –Ø —É–∂–µ –¥–æ–ª–≥–æ —Ä–∞–±–æ—Ç–∞—é –≤ –†–ü . –†–∞–±–æ—Ç–∞ —Å–≤—è–∑–∞–Ω–∞ —Å –∫–æ–º–∞–Ω–¥–∏—Ä–æ–≤–∫–∞–º–∏ –ø–æ –≤—Å–µ–π —Ç–µ—Ä—Ä–∏—Ç–æ—Ä–∏–∏ –†–ü! –ö–æ–≥–¥–∞ –∫ –Ω–∞–º –Ω–∞ —Ä–∞–±–æ—Ç—É –ø–æ–ø–∞–¥–∞—é—Ç —É–∫—Ä–∞–∏–Ω—Ü—ã, –æ—á–µ–Ω—å –æ—Å—Ç—Ä–æ –æ—â—É—â–∞–µ—Ç—Å—è –∏—Ö –º–µ–Ω—Ç–∞–ª–∏—Ç–µ—Ç, –æ—Å–æ–±–µ–Ω–Ω–æ —Ç–æ, —Å –∫–∞–∫–æ–π –∂–∞–¥–Ω–æ—Å—Ç—å—é –æ–Ω–∏ –æ—Ç–Ω–æ—Å—è—Ç—Å—è –∫ –¥–µ–Ω—å–≥–∞–º –∏ –∫–æ –≤—Å–µ–º—É, —á—Ç–æ —Å–≤—è–∑–∞–Ω–æ —Å –æ–ø–ª–∞—Ç–æ–π!",6.0,1.0
"–ú–∏—Ö–∞–∏–ª –ù–µ–≤–∞—Ä —Å–ª–æ–∂–Ω–æ –Ω–µ —Ä–µ–∞–≥–∏—Ä–æ–≤–∞—Ç—å –≤–æ–æ–±—â–µ... –°—É–¥—è –∏–∑ –∂–∏–∑–Ω–µ–Ω–Ω—ã—Ö —Å–∏—Ç—É–∞—Ü–∏–π,–∏ –≤—Å–µ–º—É —á—Ç–æ —è —É–≤–∏–¥–µ–ª–∞ –∑–∞ 1,5 –≥–æ–¥–∞ –≤ –í–∞—Ä—à–∞–≤–µ. –í—Å–µ –ø–æ–∑–Ω–∞–µ—Ç—Å—è –≤ —Å—Ä–∞–≤–Ω–µ–Ω–∏–∏)",1.0,0.0
–°–ø–∞—Å–∏–±–æ –≤–∞–º –∑–∞ –≤–∞—à—É –ø–æ–¥–¥–µ—Ä–∂–∫—É,3.0,1.0
–∫–∞–∫ –∂–µ –í–∞—Å —Ç—è–Ω–µ—Ç –≤—Å–µ—Ö –∫ –ú–∞–π–¥–∞–Ω—É —Ç–æ))–≤ 2014 –Ω–∞—á–∞–ª–∞—Å—å –≤–æ–π–Ω–∞ –∏ —É–∫—Ä–∞–∏–Ω—Ü–∞–º –≤ –ü–æ–ª—å—à–µ —Å–∞–º–∏ –∂–µ —É–∫—Ä–∞–∏–Ω—Ü—ã –≤ —Ç–æ–º —á–∏—Å–ª–µ –∞–∫—Ç–∏–≤–Ω–æ –ø–æ–º–æ–≥–∞–ª–∏ –∏–∑-–∑–∞ –≤–æ–π–Ω—ã.,0.0,0.0
"–¢–∞–∫ –≤–æ—Ç –∏ –±–µ–ª–∞—Ä—É—Å–∞–º —Å–µ–π—á–∞—Å –ø–æ–º–æ–≥–∞—é—Ç –Ω–µ –ø—Ä–æ—Å—Ç–æ —Ç–∞–∫, –Ω–æ –ø–æ—Å–º–æ—Ç—Ä–∏–º —á—Ç–æ –±—É–¥–µ—Ç –µ—Å–ª–∏ –Ω–∏—á–µ–≥–æ –Ω–µ –∏–∑–º–µ–Ω–∏—Ç—Å—è –∑–∞ 8 –ª–µ—Ç",0.0,0.0
"–∏–º–µ–Ω–Ω–æ. –¢–∞–∫—É—é —Ä–µ–∞–∫—Ü–∏—é –≤—ã–∑—ã–≤–∞–µ—Ç –í–∞—à –ø–æ—Å—Ç –∫–∞–∫ –º–∏–Ω–∏–º—É–º –µ–≥–æ –≤–µ—Ä—Ö–Ω—è—è —á–∞—Å—Ç—å. –ù–æ –≤ –ø—Ä–∏–Ω—Ü–∏–ø–µ —ç—Ç–æ –º–µ–Ω—è —É–±–µ–∂–¥–∞–µ—Ç —Ç–æ–ª—å–∫–æ –≤ –æ–¥–Ω–æ–º, –Ω–µ–∫–æ—Ç–æ—Ä—ã–µ –ª—é–¥–∏ –ø—Ä–æ—Å—Ç–æ —á—Ç–æ–± —Å–µ–±—è –ø–æ—Ö–≤–∞–ª–∏—Ç—å –∏ —Å–æ—Å–µ–¥–∞ –Ω–µ –æ–ø–ª–µ–≤–∞—Ç—å –Ω–µ –º–æ–≥—É—Ç. –ê –≤–æ–æ–±—â–µ —Å–æ –≤—Ä–µ–º–µ–Ω–µ–º —É–≤–∏–¥–∏—Ç–µ –æ —á–µ–º —è –≥–æ–≤–æ—Ä—é –µ—Å–ª–∏ –æ—Å—Ç–∞–Ω–µ—Ç–µ—Å—å",3.0,-1.0
"–¥–∞ –ª—é–±–æ–ø—ã—Ç–Ω–æ –∫–æ–Ω–µ—á–Ω–æ, –∫–∞–∫ –º–æ–∂–Ω–æ 2014 –≥–æ–¥ –ø–æ–¥–≤–µ—Å—Ç–∏ –∫ –¥–∞–ª—ë–∫–∏–º 90-–º –∏ ""0"")",0.0,0.0
–∞ –ø—Ä–∏—á—ë–º —Ç—É—Ç 2014 –≥–æ–¥?,14.0,0.0
"–∑–Ω–∞—á–∏—Ç —ç—Ç–æ...–º—ã —Ç–∞–∫ —É—Å—Ç–∞–ª–∏ –æ—Ç —Å–≤–æ–µ–≥–æ –Ω–∞—Ä–æ–¥–∞,—á—Ç–æ –≤–∏–¥–∏–º —É –¥—Ä—É–≥–∏—Ö –ø—Ä–µ–ª–µ—Å—Ç–∏!?)))))
 –ú–Ω–æ–≥–æ –∫—Ç–æ –ø–æ–º–æ–≥–∞–µ—Ç,–∏ –Ω–∞–≤–µ—Ä–Ω–æ–µ –Ω–µ –≤–∞–∂–Ω–∞ –Ω–∞—Ü–∏—è.
 –Ø –æ —Ç–æ–º,—á—Ç–æ —è —á–∏—Ç–∞–ª–∞ –≤ –≤–∞—à–µ–π –≥—Ä—É–ø–ø–µ,—Å–∫–æ–ª—å–∫–æ –ø—Ä–µ–¥–ª–æ–∂–µ–Ω–∏–π –∏ –ø–æ–¥–¥–µ—Ä–∂–∫–∏!
 –¢–∞–∫–æ–≥–æ,—è –Ω–∏ –≥–¥–µ –Ω–µ —á–∏—Ç–∞–ª–∞, –ø—Ä–∞–≤–¥–∞!!!
 –°–ª–∞–≤–∞ –±–æ–≥—É,—á—Ç–æ –µ—Å—Ç—å –ª—é–¥–∏,–∫–æ—Ç–æ—Ä—ã–µ –ø–æ–º–æ–≥–∞—é—Ç,–Ω–µ –≤ –∑–∞–≤–∏—Å–∏–º–æ—Å—Ç–∏ –æ—Ç –Ω–∞—Ü–∏–æ–Ω–∞–ª—å–Ω–æ—Å—Ç–∏ –∏ –≤—Å–µ–≥–æ –ø—Ä–æ—á–µ–≥–æ ‚ò∫Ô∏èüëçüôè
 –ò —è –ø—É—Å—Ç—å –∫–æ–º—É-—Ç–æ –ø—Ä–∏–≥–æ–∂—É—Å—å,—ç—Ç–æ —Ç–æ–∂–µ –±—É–¥–µ—Ç —Ö–æ—Ä–æ—à–æ.",6.0,1.0
"—ç—Ç–æ –Ω–µ –ø—Ä–∞–≤–¥–∞! –ù–∞—à –¥–≤–æ—Ä, –∫–∞–∫ –±—ã–ª —Å–ø–ª–æ—á–µ–Ω–Ω—ã–º, —Ç–∞–∫–∏–º –∏ –æ—Å—Ç–∞–ª—Å—è. –ò —Ç–∞–∫–∏—Ö –æ—á–µ–Ω—å –º–Ω–æ–≥–æ. –¢–æ–ª—å–∫–æ –∏ –∂–∏–≤—ë–º –∑–¥–µ—Å—å, –ø–æ—Ç–æ–º—É —á—Ç–æ –Ω–µ –º–æ–∂–µ–º –±—Ä–æ—Å–∏—Ç—å –¥—Ä—É–≥ –¥—Ä—É–≥–∞",10.0,1.0
–î–µ—Ä–∂–∏—Ç–µ—Å—å! –ú–æ–ª—é—Å—å –æ –í–∞—Å!,0.0,1.0
"–±—Ä–µ–¥. –ö—Ç–æ –≤–∞—Å —Ç—É—Ç —Ç–æ–ø—á–µ—Ç??? –ò–ª–∏ —Ç–æ–ø—Ç–∞–ª? –í—Å–µ –∂–∏–≤—É—Ç –∫–∞–∫ –∂–∏–≤—É—Ç, –∫–æ–≥–¥–∞ –≤—ã–µ–∑–∂–∞–µ—à—å- —Å–ø–ª–æ—á–µ–Ω–Ω–µ–µ –∂–∏–≤–µ—à—å –ø–æ–Ω–∞—á–∞–ª—É. –í –ë–µ–ª–∞—Ä—É—Å–∏ —Å–∫–æ–ª—å–∫–æ —Ñ–æ–Ω–¥–æ–≤, —Ö–æ—Å–ø–∏—Å—ã –∏ –≤—Å–µ —ç—Ç–æ –±–µ–∑ –∫–æ–ø–µ–π–∫–∏ –±—é–¥–∂–µ—Ç–∞. –ü—Ä–æ—Å—Ç–æ –Ω–µ —Å—Ç–∞–ª–∫–∏–≤–∞–ª–∏—Å—å.",5.0,-1.0
"–Ω–µ –ø—Ä–∞–≤–¥–∞.–∫–æ–Ω–µ—á–Ω–æ, –º–æ–≥—É—Ç –±—ã—Ç—å –ª—é–¥–∏ –ø–æ–¥–ª—ã–µ ,–Ω–æ –≤–µ–¥—å —Ä–∞–∑–≥–æ–≤–æ—Ä –≤ —Ü–µ–ª–æ–º –æ –±–µ–ª–∞—Ä—É—Å–∞—Ö.–û–Ω–∏ –¥–µ–π—Å—Ç–≤–∏—Ç–µ–ª—å–Ω–æ –æ—Ç–ª–∏—á–∞—é—Ç—Å—è –¥–æ–±—Ä–æ—Ç–æ–π ..",4.0,1.0
"–æ–≥–æ, –ø—Ä—è–º –Ω–µ–Ω–∞–≤–∏–¥—è—Ç –¥—Ä—É–≥ –¥—Ä—É–≥–∞?) —É–≤–µ—Ä–µ–Ω—ã?))",3.0,-1.0
–ñ–∏–≤—É –≤ –ú–∏–Ω—Å–∫–µ. –ù–æ—Ä–º–∞–ª—å–Ω—ã–µ –æ–±—ã—á–Ω—ã–µ –ª—é–¥–∏. –°–≤–æ–ª–æ—á–∏ –≤—Å—Ç—Ä–µ—á–∞—é—Ç—Å—è –Ω–µ —Ç–∞–∫ —É–∂ —á–∞—Å—Ç–æ.,2.0,0.0
"–ò –≤–æ—Ç –≤ –±–æ–ª—å—à–∏–Ω—Å—Ç–≤–µ —Ç–∞–∫.... –ü–∏—à—É –æ–± –æ–¥–Ω–æ–º,–Ω–æ –≤—Å–µ —Ä–∞–≤–Ω–æ –ø–æ—Ç–æ–º –∫–∞–∫–∏–º-—Ç–æ —á—É–¥–Ω—ã–º –æ–±—Ä–∞–∑–æ–º –Ω–∞—á–∏–Ω–∞–µ—Ç—Å—è –¥—Ä—É–≥–æ–µ!!!
 –î—Ä—É–∑—å—è! –Ø –æ —Ö–æ—Ä–æ—à–µ–º.... –Ø –æ —Ç–æ–º,—á—Ç–æ –≤—ã –¥—Ä—É–≥–∏–µ! –£–∫—Ä–∞–∏–Ω—Ü—ã –Ω–µ –ø–ª–æ—Ö–∏–µ (–∏–Ω–æ–≥–¥–∞) –ù–æ –≤—ã –¥—Ä—É–≥–∏–µ,—Å—É—Ç—å –≤ —ç—Ç–æ–º!
 –Ø –≤ –í–∞—Ä—à–∞–≤–µ 1,5 –ª–µ—Ç –∏ –º–Ω–æ–≥–æ –Ω–∞—á–∏—Ç–∞–ª–∞—Å—å –≤—Å–µ–≥–æ. –£ –Ω–∞—Å –≤ –≥—Ä—É–ø–ø–∞—Ö –Ω–µ—Ç-–ø–æ–º–æ–≥—É –≤–µ—â–∞–º–∏,–æ–±—É–≤—å—é –∏–ª–∏ –µ—â—ë —á–µ–º-—Ç–æ...
 –ü–∏—Å–∞–ª–∞ –æ—Ç —á–∏—Å—Ç–æ–≥–æ —Å–µ—Ä–¥—Ü–∞,–ø–æ—Ä—ã–≤ –±—ã–ª —Ç–∞–∫–æ–π!
 –ü–æ–∂–∞–ª—É–π—Å—Ç–∞üôè –Ω–µ –Ω–∞–≥–Ω–µ—Ç–∞–π—Ç–µ,–∏ —Ç–∞–∫,—Å—Ç–æ–ª—å–∫–æ –Ω–µ–≥–∞—Ç–∏–≤–∞ –≤–æ–∫—Ä—É–≥ –∏ –º—É—Å–æ—Ä–∞! –õ—É—á—à–µ –±—ã—Ç—å –¥–æ–±—Ä–µ–µ,—ç—Ç–æ –ø—Ä–∞–≤–¥–∞ –ø–æ–º–æ–∂–µ—Ç,—á–µ–º –Ω–µ–≥–∞—Ç–∏–≤.",9.0,1.0
"–ï—Å—Ç—å –∏ —Ç–µ, –ö—Ç–æ –≤ –ë–µ–ª–∞—Ä—É—Å–∏ –Ω–µ –æ—á–µ–Ω—å —É–∂–∏–≤–∞–ª—Å—è —Å –ª—é–¥—å–º–∏, –∏ —Ç–µ –∫–æ—Ç–æ—Ä—ã—Ö –Ω–µ —É–≤–∞–∂–∞–ª–∏ —Å–æ—Å–µ–¥–∏, –¥—Ä—É–∑—å—è, –∏ –Ω–µ–≤–∑–ª—é–±–∏–ª–∏ –¥–∞–∂–µ –±–ª–∏–∑–∫–∏–µ! –ò —É –Ω–∏—Ö –æ—Å—Ç–∞–≤–∞–ª—Å—è —Ç–æ–ª—å–∫–æ –æ–¥–∏–Ω –≤—ã–±–æ—Ä- —Å–≤–∞–ª–∏—Ç—å –∫—É–¥–∞-—Ç–æ –∏ –ø—Ä–∏–º–∫–Ω—É—Ç—å –∫ —Å–µ–±–µ –ø–æ–¥–æ–±–Ω—ã—Ö!!!",0.0,-1.0
"–ø–æ–ª–Ω–æ—Å—Ç—å—é —Å–æ–≥–ª–∞—Å–µ–Ω. –ú—ã –∫–æ–≥–¥–∞ –ø—Ä–∏–µ—Ö–∞–ª–∏ –≤ –í–∞—Ä—à–∞–≤—É, –æ–∫–∞–∑–∞–ª–æ—Å—å, —á—Ç–æ –ø–æ–º–æ–≥–∞–ª–∏ —Ç–æ–ª—å–∫–æ —É–∫—Ä–∞–∏–Ω—Ü—ã. –ü–æ–º–æ–≥–ª–∏ —Å –∂–∏–ª—å—ë–º, –¥–∞–ª–∏ –Ω–∞ –≤—ã—Ö–æ–¥–Ω—ã–µ 100 z≈Ç —Ç.–∫ –ø—Ä–∏–µ—Ö–∞–ª–∏ –≤ —Å—É–±–±–æ—Ç—É –≤–µ—á–µ—Ä–æ–º –∏ –±—ã–ª–æ –ø—Ä–æ–±–ª–µ–º–∞—Ç–∏—á–Ω–æ –ø–æ–º–µ–Ω—è—Ç—å, –Ω–µ –∑–Ω–∞—è –≥–¥–µ –∏ —á—Ç–æ. –î–∞ –∏ –≤ –¥–∞–ª—å–Ω–µ–π—à–µ–º, –∫–æ–≥–¥–∞ –±—ã–ª–∏ –ø—Ä–æ–±–ª–µ–º—ã —Å –æ–ø–ª–∞—Ç–æ–π –∂–∏–ª—å—è, –≤—Å–µ–≥–¥–∞ —à–ª–∏ –Ω–∞ —É—Å—Ç—É–ø–∫–∏. –í –æ–±—â–µ–º —Ö–æ—á—É —Å–∫–∞–∑–∞—Ç—å, —á—Ç–æ –∫ –Ω–∞—à–∏–º –ø—Ä–µ—Ç–µ–Ω–∑–∏–π –Ω–µ –∏–º–µ—é, –Ω–æ —Ñ–∞–∫—Ç –æ—Å—Ç–∞—ë—Ç—Å—è —Ñ–∞–∫—Ç–æ–º!
 P.S. –û—Ç –±–µ–ª–æ—Ä—É—Å–æ–≤, –∫ —Å–æ–∂–∞–ª–µ–Ω–∏—é, –æ–¥–Ω–æ —Ç–æ–ª—å–∫–æ –±–ª–∞ –±–ª–∞ –±–ª–∞ –∏ –±–æ–ª—å—à–µ –Ω–∏—á–µ–≥–æ.",3.0,0.0
"—ç—Ç–æ –≤—ã —É–∂–µ –ø—Ä–µ—É–≤–µ–ª–∏—á–∏–≤–∞–µ—Ç–µ... –î–æ–±—Ä–æ—Ç—ã –∏ —Ç–µ–ø–ª–∞, –∏ –ø–æ–¥–¥–µ—Ä–∂–∫–∏, –∏ —Å–µ—Ä–¥–µ—á–Ω–æ—Å—Ç–∏ —É –∂–∏—Ç–µ–ª–µ–π –ë–µ–ª–∞—Ä—É—Å–∏ –º–Ω–æ–æ–æ–æ–æ–æ–æ–æ–≥–æ!!!",1.0,1.0
"–µ—Å–ª–∏ —á–∏—Ç–∞—Ç—å –º–æ–π –≤—ã–ø–ª–µ—Å–∫,—Ç–∞–º –æ–±–æ –≤—Å–µ–º –Ω–∞–ø–∏—Å–∞–ª–æ –∏ —Ö–æ—Ä–æ—à–∏—Ö –∏ –Ω–µ –æ—á–µ–Ω—å... –ù–µ –º–æ–∂–µ—Ç –±—ã—Ç—å 100% –ø–æ–ª–æ–∂–∏—Ç–µ–ª—å–Ω—ã—Ö –∏–ª–∏ –æ—Ç—Ä–∏—Ü–∞—Ç–µ–ª—å–Ω—ã—Ö –ª—é–¥–µ–π,—ç–º–æ—Ü–∏–π,–ø–æ—Å—Ç—É–ø–∫–æ–≤... –°—Ä–∞–≤–Ω–µ–Ω–∏–µ –µ—Å—Ç—å,–∫–∞–∫ –Ω–∏ –∫—Ä—É—Ç–∏,–∏ –≤–æ–∑—å–º–∏ –ª—é–±—É—é –Ω–∞—Ü–∏—é,–Ω–∞–≤–µ—Ä–Ω–æ–µ —Ç–∞–∫ —É –±–æ–ª—å—à–∏–Ω—Å—Ç–≤–∞. –ù–æ –æ–ø—è—Ç—å –∂–µ......—è –æ —Ç–æ–º —Ö–æ—Ç–µ–ª–∞ –¥–æ–Ω–µ—Å—Ç–∏, —á—Ç–æ + –±–æ–ª—å—à–µ,—á–µ–º -
 –í—ã –≤–∏–¥–∏—Ç–µ –≤ –Ω–∞—Å —Ç–æ,—á–µ–≥–æ –º—ã –Ω–µ –≤–∏–¥–∏–º –∏ –Ω–∞–æ–±–æ—Ä–æ—Ç!!!!!
 –í–æ–æ–±—â–µ–º,–º–∏—Ä,–¥—Ä—É–∂–±–∞,–∂–≤–∞—á–∫–∞üòÑüòÑüòÑüëç",2.0,1.0
"–Ω–µ —Å—Ç–∞–ª–∞ —è —Ä–∞–∑–≥–æ–≤–∞—Ä–∏–≤–∞—Ç—å —à–µ–ø–æ—Ç–æ–º, –∏ –¥–æ —Å–∏—Ö –ø–æ—Ä –∂–∏–≤—É –≤ –ú–∏–Ω—Å–∫–µ, –Ω–∞–æ–±–æ—Ä–æ—Ç —Å—Ç–∞–ª–∞ –∏—Å–ø–æ–ª—å–∑–æ–≤–∞—Ç—å –±–µ–ª–∞—Ä—É—Å–∫—É—é –º–æ–≤—É –≤ –æ–±—â–µ—Å—Ç–≤–µ–Ω–Ω—ã—Ö –º–µ—Å—Ç–∞—Ö. –ê —Å–∞–Ω–∫—Ü–∏–∏ –Ω–∞–º –Ω—É–∂–Ω—ã, —á—Ç–æ–±—ã –∑–∞—Å—Ç–∞–≤–∏—Ç—å ""–º–∞—è—Ö–∞—Ç–∞—Å–∫—Ä–∞—é"" –≤—ã–π—Ç–∏ –Ω–∞ –∑–∞–±–∞—Å—Ç–æ–≤–∫—É. —Ç–æ–ª—å–∫–æ —Ñ–∏–Ω–∞–Ω—Å–æ–≤—ã–π –∫—Ä–∏–∑–∏—Å –º–æ–∂–µ—Ç –≤—Å–∫–æ–ª—ã—Ö–Ω—É—Ç—å —ç—Ç–æ –±–æ–ª–æ—Ç–æ —á—Ç–æ–±—ã –¥–æ–∂–∞—Ç—å —Ä–µ–∂–∏–º. –∏ –±–µ–ª–∞—Ä—É—Å—å –Ω–µ —Å–µ–≤–µ—Ä–Ω–∞—è –∫–æ—Ä–µ—è –∏–ª–∏ –∫—É–±–∞, —É –Ω–∞—Å —Å–≤–æ–π –ø—É—Ç—å. –±–µ–ª–∞—Ä—É—Å—ã –ø—Ä–æ—Å—Ç–æ –¥—Ä—É–≥–∏–µ, –æ—Ç–ª–∏—á–∞—é—Ç—Å—è –∏ –æ—Ç —É–∫—Ä–∞–∏–Ω—Ü–µ–≤ –∏ —Ä—É—Å—Å–∫–∏—Ö.",7.0,0.0
"–°–Ω–∏–º–∏—Ç–µ —Ä–æ–∑–æ–≤—ã–µ –æ—á–∫–∏ –∏ –≤—ã–∫–∏–Ω—å—Ç–µ –∏–∑ —Å–µ–±—è —Ä–æ–∑–æ–≤—É—é –ø–æ–Ω–∏. –©–∞ –ì—Ä–æ–¥–Ω–æ –≤–∑—è–ª–∏—Å—å –±–æ–ª—å—à–µ, —á–µ–º –∑–∞ –ú–∏–Ω—Å–∫. –ú–µ—á—Ç–∞—Ç—å, —á—Ç–æ —Ä–∞–±–æ—á–∏–µ –≤—ã–π–¥—É—Ç –Ω–∞ –∑–∞–±–∞—Å—Ç–æ–≤–∫—É –≥–ª—É–ø–æ. –ù–∏–∫—Ç–æ –Ω–µ –≤—ã–π–¥–µ—Ç. –í—Å–µ –ø–æ–¥—á–∏—â–µ–Ω–æ –∏ –≤–∞—à–∞ –¥—É—Ä–Ω–∞—è –±—Ä–∞–≤–∞–¥–∞ —Ç–æ–ª—å–∫–æ –Ω–∞ —Ä—É–∫—É –∫—Ä–µ–º–ª—è–¥—è–º, –∫–æ—Ç–æ—Ä—ã–µ —á–∏—Å—Ç—è—Ç –¥–ª—è —Å–µ–±—è –ø—Ä–æ—Å—Ç—Ä–∞–Ω—Å—Ç–≤–æ. –¢–µ–ø–µ—Ä—å —É–±–∏–≤–∞—é—Ç –∏ –±—É–¥—É—Ç —É–±–∏–≤–∞—Ç—å –Ω–µ –ø–µ—Ä–µ–¥ –∫–µ–º –Ω–µ –æ—Ç—á–∏—Ç—ã–≤–∞—è—Å—å, –∫–∞–∫ —ç—Ç–æ ""—è–∫–æ–±—ã –±—ã–ª–æ"". –õ—é–¥–µ–π –Ω—É–∂–Ω–æ –±–µ—Ä–µ—á—å. –≠—Ç–æ –Ω–µ —Ä–∞—Å—Ö–æ–¥–Ω—ã–π –º–∞—Ç–µ—Ä–∏–∞–ª –¥–ª—è –ª–∏–¥–µ—Ä–æ–≤, –∫–æ—Ç–æ—Ä—ã–µ –±–æ–ª—å—à–æ–π –∫—Ä–æ–≤—å—é –≤–µ–¥—É—Ç –Ω–∞—Å –ø–æ–¥ ""–∑–∞–±–æ—Ç–ª–∏–≤–æ–µ"" –∫—Ä—ã–ª—ã—à–∫–æ —Ä–æ—Å—Å–∏–∏. –ë–µ–ª–∞—Ä—É—Å—ã –¥–æ—Å—Ç–æ–π–Ω—ã –ª—É—á—à–µ–≥–æ. –ü–æ–∫–∞ –Ω–∞–º –Ω–µ—á–µ–º –≥–æ—Ä–¥–∏—Ç—Å—è. –í–æ –≤—Å—ë–º –≤–∞–∂–µ–Ω –∫–æ–Ω–µ—á–Ω—ã–π —Ä–µ–∑—É–ª—å—Ç–∞—Ç. –£ –Ω–∞—Å –æ–Ω –ø—Ä–æ—Ä–æ—Å—Å–∏–π—Å–∫–∏–π –∞–Ω–∫–ª–∞–≤. –ò –º—ã —Å–Ω–æ–≤–∞ —Å –∑–∞–≤–∏—Å—Ç—å—é —Å–º–æ—Ç—Ä–∏–º –≤—Å–ª–µ–¥ –æ—Ç–æ—Ä–≤–∞–≤—à–∏–º—Å—è –æ—Ç —Ä–æ—Å—Å–∏–∏ —Å–æ—Å–µ–¥–µ–π. –ü—Ä–∏ —ç—Ç–æ–º –Ω–∞—Å—Ç—É–ø–∞–µ–º –Ω–∞ —Ç–µ –∂–µ –≥—Ä–∞–±–ª–∏, —á—Ç–æ –∏ –≤ 94-–æ–º. –ü–æ—Ä–∞ —É–º–Ω–µ—Ç—å –∏ –Ω–µ –≤–µ—Ä–∏—Ç—å –Ω–µ –ø–æ–æ–≤–µ—Ä–µ–Ω–Ω—ã–º, –Ω–µ –ø–æ–Ω—è—Ç–Ω–æ –æ—Ç–∫—É–¥–∞ –≤—ã—Å–∫–æ—á–∏–≤—à–∏–º –ª–∏–¥–µ—Ä–∞–º.",3.0,-1.0
"–Ω–∞–≤–µ—Ä–Ω–æ–µ –º–Ω–µ —Å–ª–∞–±–æ...... –ò—Å—Ö–æ–¥—è –∏–∑ –≤—Å–µ–≥–æ,—á—Ç–æ –±—ã–ª–æ –≤ –º–æ–µ–π –∂–∏–∑–Ω–∏. –ö —Å–æ–∂–∞–ª–µ–Ω–∏—é,—Ç–∞–∫–æ–≤–∞ –ø—Ä–∞–≤–¥–∞,–∏–º–µ–Ω–Ω–æ –≤ –º–æ–µ–π –∂–∏–∑–Ω–∏,–¥–µ–ª–∞—é –∞–∫—Ü–µ–Ω—Ç,—á—Ç–æ –± –Ω–µ –ø–∏—Å–∞–ª–∏ —á—Ç–æ –≤—Å–µ –Ω–µ –º–æ–≥—É—Ç –±—ã—Ç—å –æ–¥–∏–Ω–∞–∫–æ–≤—ã–µ –∏ —Ç.–¥...–ò —Å—É–¥—è –∏–∑ —Ç–æ–≥–æ,—á—Ç–æ —è –≤–∏–∂—É,—á–∏—Ç–∞—é –∏ —Å–ª—ã—à—É. –≠—Ç–æ –º–æ–µ —Å—É–±—ä–µ–∫—Ç–∏–≤–Ω–æ–µ –º–Ω–µ–Ω–∏–µ –∏ —è –µ–≥–æ –Ω–µ –Ω–∞–≤—è–∑—ã–≤–∞—é!
 –ö–æ–≥–¥–∞ –µ—Å—Ç—å –ø–æ—Ç—Ä–µ–±–Ω–æ—Å—Ç—å,–ª—é–¥–∏ –ø–∏—à—É—Ç –∏–ª–∏ –≥–æ–≤–æ—Ä—è—Ç —Å –∫–µ–º-—Ç–æ,—É –º–µ–Ω—è –Ω–µ –±—ã–ª–æ –≤–æ–∑–º–æ–∂–Ω–æ—Å—Ç–∏ –ø–æ–≥–æ–≤–æ—Ä–∏—Ç—å –∏ –ø–æ—ç—Ç–æ–º—É —è –Ω–∞–ø–∏—Å–∞–ª–∞..... –ê –∫–∞–∫,–∫—Ç–æ –≤–æ—Å–ø—Ä–∏–º–µ—Ç,–∏ —á—Ç–æ –≤–æ–∑—å–º—ë—Ç,—ç—Ç–æ –¥–µ–ª–æ –∫–∞–∂–¥–æ–≥–æ —á–µ–ª–æ–≤–µ–∫–∞!",1.0,0.0
"—Å —É–¥–æ–≤–æ–ª—å—Å—Ç–≤–∏–µ–º!!! –ú–æ–≥—É —Å–¥–µ–ª–∞—Ç—å –ø–∞—Ä—É —à—Ç –ø–æ 1 –∫–≥,—á—Ç–æ –± –±–æ–ª—å—à–µ –±—ã–ª–æ,—Ç–∞–∫ —Å–∫–∞–∑–∞—Ç—å)) –ö—Ç–æ –∑–Ω–∞–µ—Ç,–∫—É–¥–∞ –∏ –∫–∞–∫,–Ω–∞–ø–∏—à–∏—Ç–µ –≤ –º–µ—Å–µ–Ω–¥–∂–µ—Ä! –û–¥–∏–Ω —Ä–∞–∑ –≤ –Ω–µ–¥–µ–ª—é –∏–ª–∏ —Ç–æ—Ä—Ç–∏–∫–∏-–¥–ª—è —Ç–µ—Ö –∫—Ç–æ –Ω—É–∂–¥–∞–µ—Ç—Å—è! ü§ó
 –£–∂–µ –æ–¥–∏–Ω —á–µ–ª–æ–≤–µ–∫ –æ–±—Ä–∞—Ç–∏–ª—Å—è –≤ –ª–∏—á–∫—É –ø–æ –ø–æ–≤–æ–¥—É –æ—Ä–µ—à–∫–æ–≤,–ø–æ–¥–¥–µ—Ä–∂–∞—Ç—å –º–æ–ª–æ–¥–æ–≥–æ —á–µ–ª–æ–≤–µ–∫–∞! –¢–∞–∫ —á—Ç–æ,–ø–∏—à–∏—Ç–µ –ø–æ–∂–∞–ª—É–π—Å—Ç–∞,–¥–æ–±—Ä–æ–µ –¥–µ–ª–æ —Å–¥–µ–ª–∞—Ç—å,—ç—Ç–æ –Ω–∞–≤–µ—Ä–Ω–æ–µ —Å–∞–º–æ–µ –≥–ª–∞–≤–Ω–æ–µ! üíï",5.0,1.0
"—ç—Ç–æ –≤—ã —Ç–∞–∫ —É–≤–∏–¥–µ–ª–∏ –∏ –ø—Ä–æ—á–∏—Ç–∞–ª–∏!
 –ö–∞–∂–¥—ã–π –≤–∏–¥–∏—Ç –≤ –ø–æ—Å—Ç–µ,—Ç–æ,—á—Ç–æ –æ–Ω —Ö–æ—á–µ—Ç —É–≤–∏–¥–µ—Ç—å....",5.0,0.0
"–æ—á–µ–Ω—å –º–Ω–æ–≥–æ –±—ã–ª–æ —Å—Ä–∞–≤–Ω–µ–Ω–∏–π –∏—Ö –ú–∞–π–¥–∞–Ω–∞ –∏ –Ω–∞—à–∏—Ö –ø—Ä–æ—Ç–µ—Å—Ç–æ–≤. –û–±–∏–¥–Ω—ã—Ö –¥–ª—è —É–∫—Ä–∞–∏–Ω—Ü–µ–≤. –•–æ—Ç—è –æ–Ω–∏ –ø–æ–±–µ–¥–∏–ª–∏, –∞ –º—ã –ø–æ–∫–∞ –Ω–µ—Ç. –ê –µ—â–µ- –æ–Ω–∏ –Ω–∞—Å –ø–æ–¥–¥–µ—Ä–∂–∏–≤–∞—é—Ç (—Ö–æ—Ç—è –∏ –Ω–µ —Å–æ–≥–ª–∞—Å–Ω—ã —Å –Ω–∞—à–∏–º–∏ –º–µ—Ç–æ–¥–∞–º–∏), –∞ –±–µ–ª–∞—Ä—É—Å—ã –≤ –±–æ–ª—å—à–∏–Ω—Å—Ç–≤–µ —Å–≤–æ–µ–º —É–∫—Ä–∞–∏–Ω—Å–∫–∏–π –º–∞–π–¥–∞–Ω –Ω–µ –ø–æ–¥–¥–µ—Ä–∂–∏–≤–∞–ª–∏. –ö–æ–Ω–µ—á–Ω–æ, —è —É–≤–∏–¥–µ–ª–∞ –≤—Ç–æ—Ä—É—é —á–∞—Å—Ç—å –ø–æ—Å—Ç–∞ –ø—Ä–æ –ø–æ–º–æ—â—å, –¥–æ–±—Ä–æ—Ç—É –∏ –ø–æ–¥–¥–µ—Ä–∂–∫—É. –ù–æ, –∫ —Å–æ–∂–∞–ª–µ–Ω–∏—é, –ø–µ—Ä–≤–∞—è —á–∞—Å—Ç—å –º–µ–Ω—è –ª–∏—á–Ω–æ –±–æ–ª—å—à–µ –≤–ø–µ—á–∞—Ç–ª–∏–ª–∞.",8.0,0.0
"—è –ø—Ä–æ—Ç–∏–≤ –ø–æ–ª–∏—Ç–∏–∫–∏ –±—ã–ª–∞,–µ—Å—Ç—å –∏ –±—É–¥—É!!!!
 –ú—ã,–º–æ–∂–µ–º —Ç–æ–ª—å–∫–æ –≥–æ–≤–æ—Ä–∏—Ç—å –æ–± —ç—Ç–æ–º,–Ω–æ –∏–∑–º–µ–Ω–∏—Ç—å,–∫ —Å–æ–∂–∞–ª–µ–Ω–∏—é –Ω–µ –º–æ–∂–µ–º –Ω–∏ —á–µ–≥–æ.
 –ö–∞–∂–¥—ã–π –≤–∏–¥–∏—Ç,—Ç–æ,—á—Ç–æ –µ–º—É –±–ª–∏–∂–µ!
 –•–æ—Ç–µ–ª–∞ –¥–æ–Ω–µ—Å—Ç–∏ –æ–¥–Ω–æ,–Ω–æ –ø–æ–ª—É—á–∞–µ—Ç—Å—è –≤—Å–µ —Ä–∞–≤–Ω–æ,–≤—Å–µ –ø–∏—à—É—Ç –æ —Ç–æ–º,—á—Ç–æ –±–æ–ª—å—à–µ —Ç—Ä–µ–≤–æ–∂–∏—Ç!
 –ò —Ç–∞–∫...–ß–∏—Ç–∞–µ–º- –≤—Å–µ –Ω–∞—Ä–æ–¥–Ω–æ—Å—Ç–∏ –±—Ä–∞—Ç—å—è, –∫—Ç–æ-—Ç–æ –ø–æ—Å—Ç—Ä–∞–¥–∞–ª –±–æ–ª—å—à–µ –∏–ª–∏ –º–µ–Ω—å—à–µ...–Ω–æ –æ—Ä–µ—à–∫–∏ –∏ —Ç–æ—Ä—Ç–∏–∫–∏ –Ω–∏ –∫—Ç–æ –Ω–µ –æ—Ç–º–µ–Ω—è–ª!))",1.0,0.0
"–¥–∞, —Å —Å–æ—Å–µ–¥—è–º–∏ –Ω–∞–¥–æ –∂–∏—Ç—å –¥—Ä—É–∂–Ω–æ. –í–∏–¥–µ–ª–∞ –Ω–∏–∂–µ –≤ –ª–µ–Ω—Ç–µ —Ñ–æ—Ç–æ –≤–∞—à–∏—Ö —Ç–æ—Ä—Ç–∏–∫–æ–≤- –≤—ã–≥–ª—è–¥—è—Ç –±–µ—Å–ø–æ–¥–æ–±–Ω–æ. –ó–¥–æ—Ä–æ–≤–æ, —á—Ç–æ –≤—ã —Ö–æ—Ä–æ—à–æ –ø–µ—á–µ—Ç–µ, –≥–æ—Ç–æ–≤—ã –¥–µ–ª–∏—Ç—å—Å—è —Å –¥—Ä—É–≥–∏–º–∏ –∏ –¥–µ–ª–∞—Ç—å –º–∏—Ä –ª—É—á—à–µ)",1.0,1.0
"–¥–∞ –ø–æ–∂–∞–ª—É–π—Å—Ç–∞,–¥–µ–ª–∞–π—Ç–µ –∑–∞–∫–∞–∑—ã –∏–ª–∏ –Ω–∞–ø–∏—à–∏—Ç–µ,–∫—Ç–æ –Ω–µ –º–æ–∂–µ—Ç —Å–µ–±–µ –ø–æ–∑–≤–æ–ª–∏—Ç—å –∫—É–ø–∏—Ç—å,—Å–¥–µ–ª–∞—é –±–µ—Å–ø–ª–∞—Ç–Ω–æ!",0.0,1.0
"–¥–µ–π—Å—Ç–≤–∏—Ç–µ–ª—å–Ω–æ, –≤ –ª—é–±–æ–π –Ω–∞—Ü–∏–∏ –µ—Å—Ç—å –∫–∞–∫ —Ö–æ—Ä–æ—à–∏–µ , —Ç–∞–∫ –∏ –Ω–µ –æ—á–µ–Ω—å , –Ω–æ —Ö–æ—á–µ—Ç—Å—è –≤–µ—Ä–∏—Ç—å —á—Ç–æ –º—ã –ª—É—á—à–∏–µ",1.0,1.0
"–°–ø–∞—Å–∏–±–æ –∑–∞ –≤–∞—à –∫–æ–º–º–µ–Ω—Ç–∞—Ä–∏–π! ü§ó
 –ï—Å—Ç—å –∏ —Ö–æ—Ä–æ—à–∏–µ –∏ –ø–ª–æ—Ö–∏–µ –ª—é–¥–∏,–∫–∞–∫ –∫—Ç–æ-—Ç–æ –Ω–∞–ø–∏—Å–∞–ª,–Ω–µ –≤ –∑–∞–≤–∏—Å–∏–º–æ—Å—Ç–∏ –æ—Ç –Ω–∞—Ü–∏–∏.... –ü–∏—Å–∞–ª–∞ –Ω–∞ —ç–º–æ—Ü–∏—è—Ö –∏ –æ —Ç–æ–º,—á—Ç–æ –º–µ–Ω—è –±–æ–ª—å—à–µ –∑–∞–¥–µ–ª–æ,—á—Ç–æ –±–æ–ª—å—à–µ —É–≤–∏–¥–µ–ª–∞! –ù–æ,–µ—Å—Ç—å —á–µ–ª–æ–≤–µ—á–µ—Å–∫–∏–π —Ñ–∞–∫—Ç–æ—Ä,–∫–æ—Ç–æ—Ä—ã–π –Ω–∏ –∫—Ç–æ –Ω–µ –æ—Ç–º–µ–Ω—è–ª....–∏ –≤ —É–∫—Ä–∞–∏–Ω—Å–∫–æ–º –Ω–∞—Ä–æ–¥–µ –µ—Å—Ç—å —Ö–æ—Ä–æ—à–∏–µ –ª—é–¥–∏,–∫—Ç–æ –ø–æ–º–æ–≥–∞–µ—Ç –±–µ–∑–≤–æ–∑–º–µ–∑–¥–Ω–æ –∏ —Ç –¥......
 –ü–æ—Å—Ç –±—ã–ª –æ–±–æ –≤—Å–µ–º,–∏ –æ –ª—é–¥—è—Ö –∏ –æ–± –æ—Ç–Ω–æ—à–µ–Ω–∏–∏ –∏ –æ –ø–æ–º–æ—â–∏! –û–ø—è—Ç—å –∂–µ,–∫—Ç–æ,—á—Ç–æ —É–≤–∏–¥–µ–ª,–∫–æ–º—É,—á—Ç–æ –±–ª–∏–∂–µ....",0.0,1.0
",–ø—Ä–∏–µ–∑–∂–∞–π—Ç–µ –≤ –≥–æ—Å—Ç–∏,–≤—Å–µ –±—É–¥–µ—Ç! ü§ó
 –ü—Ä–æ –ø–æ—Å—Ç—ã,–ø–æ—á–∏—Ç–∞–π—Ç–µ –≤ –¥—Ä—É–≥–∏—Ö –≥—Ä—É–ø–ø–∞—Ö –∏ —Å—Ä–∞–≤–Ω–∏—Ç–µ,—è –ø–∏—Å–∞–ª–∞ –Ω–µ –∏–∑ –≤–æ–∑–¥—É—Ö–∞. –ò –Ω–µ –ø–æ –Ω–∞—Å–ª—ã—à–∫–µ –∑–Ω–∞—é –ø—Ä–æ —Ç–æ,–∫–∞–∫ –±–µ–ª–∞—Ä—É—Å—ã –ø–æ–º–æ–≥–∞—é—Ç –¥—Ä—É–≥ –¥—Ä—É–≥—É!
 –ù–æ,–≤—Å–µ —Ä–∞–≤–Ω–æ,–∫—Ç–æ –º—ã –Ω–µ –µ—Å—Ç—å,–≥–ª–∞–≤–Ω–æ–µ –æ—Å—Ç–∞–≤–∞—Ç—å—Å—è –ª—é–¥—å–º–∏,—Å —á—É–≤—Å—Ç–≤–∞–º–∏!",1.0,1.0
"–¥–∞ —è –∑–Ω–∞—é –ø—Ä–æ –ø–æ–º–æ—â—å, —Å–∞–º–∞ —Ç–∞–∫–∞—è, –¥–æ —Å–∏—Ö –ø–æ—Ä –æ—Å—Ç–∞—é—Å—å –ú–∏–Ω—Å–∫–µ —Å –ø–æ–∑–∏—Ü–∏–µ–π, –µ—Å–ª–∏ –Ω–µ —è, —Ç–æ –∫—Ç–æ, –Ω–æ —ç—Ç–æ –∂–∏–∑–Ω–µ–Ω–Ω–∞—è –ø–æ–∑–∏—Ü–∏—è. (–º–æ–π —Å—ã–Ω –ø–µ—Ä–µ–µ—Ö–∞–ª –≤ –ü–æ–ª—å—à—É —Å –¥–µ–∫–∞–±—Ä—è –ø—Ä–æ—à–ª–æ–≥–æ –≥–æ–¥–∞ –∏–∑ —Å–æ–æ–±—Ä–∞–∂–µ–Ω–∏–π –±–µ–∑–æ–ø–∞—Å–Ω–æ—Å—Ç–∏, —É–∂–µ —Å—Ç—É–¥–µ–Ω—Ç –∏ —Ç–∞–º). –ë—É–¥—É –≤ –í–∞—Ä—à–∞–≤–µ - –æ–±—è–∑–∞—Ç–µ–ª—å–Ω–æ –≤—Å–ø–æ–º–Ω—é –ø—Ä–æ –≤–∞—à–∏ –æ—Ä–µ—à–∫–∏ - –≤–∫—É—Å –¥–µ—Ç—Å—Ç–≤–∞. –î–æ–º–∞ —è —Ç–æ–ª—å–∫–æ —Ö–ª–µ–± –ø–µ–∫—É, –Ω–∞ –æ—Ä–µ—à–∫–∏ —Ñ–æ—Ä–º—ã –Ω–µ—Ç. )))",3.0,1.0
"–°–∞–Ω–∫—Ü–∏–∏ –Ω–∞—Å –¥–µ–π—Å—Ç–≤–∏—Ç–µ–ª—å–Ω–æ —Ç–æ–ª–∫–∞—é—Ç –≤ –ª–∞–ø—ã –†–æ—Å—Å–∏–∏, –∫–∞–∫ —ç—Ç–æ –Ω–µ –ø—Ä–∏—Å–∫–æ—Ä–±–Ω–æ(((",0.0,-1.0
",—Ç–∞ –ø—Ä–∏ —á–µ–º —Ç—É—Ç –º–æ–ª–æ–¥–µ—Ü))) –û–∫—Å–∞–Ω–∞,–ø—Ä–æ—Å—Ç–æ –ø–æ—á–∏—Ç–∞—Ç—å –∏—Ö –ø–æ—á—Ç—ã –∏ –Ω–∞—à–∏,—ç—Ç–æ –Ω–µ–±–æ –∏ –∑–µ–º–ª—è! –ù—É –ø—Ä–∞–≤–¥–∞.... –ü—Ä–æ—Å—Ç–æ –Ω–µ —Å–º–æ–≥–ª–∞ —É–¥–µ—Ä–∂–∞—Ç—å —ç–º–æ—Ü–∏–∏ —Å–≤–æ–∏ –∏ –Ω–∞–ø–∏—Å–∞–ª–∞. –ù–æ,–≤ –ª–∏—à—å,–≤—Å–µ —Ä–∞–≤–Ω–æ –∫–∞–∂–¥—ã–π —á–µ–ª–æ–≤–µ–∫ —á–∏—Ç–∞–µ—Ç —Ç–æ,—á—Ç–æ —Ö–æ—á–µ—Ç –∏ –≤—ã–±–∏—Ä–∞–µ—Ç –¥–ª—è –Ω–µ–≥–æ –≥–ª–∞–≤–Ω–æ–µ.... –í–æ–æ–±—â–µ–º,–∫–∞–∫ –Ω–∏ –∫—Ä—É—Ç–∏,–º–∏–ª –¥–ª—è –≤—Å–µ—Ö –Ω–µ –±—É–¥–µ—à—å üòÅüòÅüòÅ",1.0,0.0
"—è —Ç–∞–∫ –ø–æ–Ω—è–ª–∞ –ø–æ —Å–≤–æ–∏–º –ª–∏—á–Ω—ã–º –Ω–∞–±–ª—é–¥–µ–Ω–∏—è–º —ç—Ç–æ –ø–æ—Ç–æ–º—É —á—Ç–æ —É–∫—Ä–∞–∏–Ω—Ü—ã –∏ –±–µ–ª–æ—Ä—É—Å—ã –≤ –ü–æ–ª—å—à–µ —Å —Ä–∞–∑–Ω—ã–º–∏ —Ü–µ–ª—è–º–∏. —É–∫—Ä–∞–∏–Ω—Ü—ã –≤ –ü–æ–ª—å—à–µ - –¥—Ä—É–≥ –¥—Ä—É–≥—É –∫–æ–Ω–∫—É—Ä–µ–Ω—Ç—ã (–æ–Ω–∏ –∑–∞—Ä–∞–±–∞—Ç—ã–≤–∞—Ç—å –ø—Ä–∏–µ—Ö–∞–ª–∏), –∞ –±–µ–ª–æ—Ä—Å—ã –≤ –ü–æ–ª—å—à–µ - –¥—Ä—É–≥ –¥—Ä—É–≥—É —Å–æ–±—Ä–∞—Ç—å—è –ø–æ –Ω–µ—Å—á–∞—Å—Ç—å—é (–∏—Ö –±—ã —Ç—É—Ç —Å–∫–æ—Ä–µ–π –≤—Å–µ–≥–æ –∏ –Ω–µ –±—ã–ª–æ –±—ã –µ—Å–ª–∏ –±—ã –Ω–µ –±–µ–¥–∞ –¥–æ–º–∞...).",1.0,0.0
–º–æ–∂–µ—Ç –±—ã—Ç—å –∏ —Ç–∞–∫((( –ù–µ –º–æ–≥—É —Å—É–¥–∏—Ç—å –∏ –Ω–µ –º–æ–≥—É –≥–æ–≤–æ—Ä–∏—Ç—å –∑–∞ –≤—Å–µ—Ö.,0.0,0.0
"–¥–∞,–∏–º–µ–Ω–Ω–æ —Å—É–±—ä–µ–∫—Ç–∏–≤–Ω–æ,—Å–ø–∞—Å–∏–±–æ —á—Ç–æ —Å–¥–µ–ª–∞–ª–∏ –∞–∫—Ü–µ–Ω—Ç! –í–µ–∑–¥–µ –º–æ–∂–Ω–æ —É–≤–∏–¥–µ—Ç—å –ø–ª–æ—Ö–æ–µ –∏–ª–∏ —Ö–æ—Ä–æ—à–µ–µ,–µ—Å–ª–∏ –∑–∞—Ö–æ—Ç–µ—Ç—å))",0.0,0.0
"–≤–æ–æ–æ–æ–æ–æ—Ç, –Ω–∞–∫–æ–Ω–µ—Ü-—Ç–æ!!!!!!
 –°–ø–∞—Å–∏–±–æ –≤–∞–º!!!!
 –Ø –ø–∏—Å–∞–ª–∞ –Ω–µ—Å–∫–æ–ª—å–∫–æ —Ä–∞–∑,—á—Ç–æ —è –Ω–∞–ø–∏—Å–∞–ª–∞ –æ —Å–≤–æ–µ–º,—á—Ç–æ –¥–ª—è –º–µ–Ω—è –≤–∞–∂–Ω–æ,—á—Ç–æ —è —É–≤–∏–¥–µ–ª–∞,—á—Ç–æ –º–µ–Ω—è –≤—Å—Ç—Ä–µ–≤–æ–∂–∏–ª–æ –∏ —á—Ç–æ —è —Ö–æ—á—É......
 –ù–æ –ø—Ä–∞–≤–¥–∞,–º—ã –Ω–∞—Å—Ç–æ–ª—å–∫–æ –∑–∞—à—É–≥–∞–Ω–Ω—ã–µ,—á—Ç–æ –≤–∏–¥–∏–º —Ç–æ,—á—Ç–æ –∏–º–µ–Ω–Ω–æ –º–Ω–µ –±–ª–∏–∂–µ,—á—Ç–æ –º–µ–Ω—è —Ç—Ä–æ–Ω—É–ª–æ,—á—Ç–æ –º–µ–Ω—è –∑–∞—Ü–µ–ø–∏–ª–æ,—á—Ç–æ –º–µ–Ω—è –±–µ—Å–ø–æ–∫–æ–∏—Ç....
 –¢–∞–∫ –≤—Å–µ–≥–¥–∞ –∏ –≤–µ–∑–¥–µ,–Ω–æ —ç—Ç–æ –ø—Å–∏—Ö–æ–ª–æ–≥–∏—è –∏ –Ω–µ –≤—Å–µ –º–æ–≥—É—Ç –ø–æ–Ω—è—Ç—å –∏ —É–≤–∏–¥–µ—Ç—å —ç—Ç–æ! –û–≥—Ä–æ–º–Ω–æ–µ –±–ª–∞–≥–æ–¥–∞—Ä—é,—á—Ç–æ –≤—ã –ø—Ä–æ—á–∏—Ç–∞–ª–∏,—É–≤–∏–¥–µ–ª–∏ –∏ –Ω–∞–ø–∏—Å–∞–ª–∏ üôèüôèüôèüôèüôèüôèüôèüôèüôèüôèüòäüíï",3.0,1.0
"–∏ –µ—â—ë? –í—ã –∑–∞–º–µ—Ç–∏–ª–∏, –∫–∞–∫ –≤—Å–µ, –∑–∞—â–∏—â–∞—è –¥—Ä—É–≥—É—é –Ω–∞—Ü–∏—é, –Ω–∞—á–∞–ª–∏ –ø–æ–ª–∏–≤–∞—Ç—å –¥–µ—Ä—å–º–æ–º —Å–≤–æ—é? –û—á–µ–Ω—å –∂–∞–ª—å, —á—Ç–æ –º—ã –Ω–µ —Ü–µ–Ω–∏–º —Ç–æ, —á—Ç–æ –∏–º–µ–µ–º, –ø—Ä–∏–≤—ã–∫–ª–∏ –æ–ø—Ä–∞–≤–¥—ã–≤–∞—Ç—å—Å—è. –ù–µ –º–æ–∂–µ–º –ø–æ—Ö–≤–∞–ª–∏—Ç—å –∫–æ–≥–æ-—Ç–æ, –Ω–µ —É–Ω–∏–∑–∏–≤ —Å–µ–±—è. –ü–æ–∫–∞ —Ç–∞–∫, –ü–æ–±–µ–¥—ã –Ω–µ –±—É–¥–µ—Ç. –Ø —Ç–æ–∂–µ —Å–æ–±–∏—Ä–∞—é—Å—å —É–µ–∑–∂–∞—Ç—å –∏–∑ –†–ë, –Ω–æ —É –º–µ–Ω—è –Ω–µ—Ç –∑–ª–æ—Å—Ç–∏ –∫ —Ç–µ–º, –∫—Ç–æ –æ—Å—Ç–∞–ª—Å—è. –Ø –ø—Ä–æ—Å—Ç–æ –Ω–µ —Ö–æ—á—É –∏–º–µ—Ç—å —Å –Ω–∏–º–∏ –¥–µ–ª–æ, –¥–∞–∂–µ –Ω–µ –æ–±—Å—É–∂–¥–∞—è, –ø—Ä–æ—Å—Ç–æ –Ω–µ –º–æ–π –∫—Ä—É–≥. –ò –Ω–µ –æ—Å—É–∂–¥–∞—é —Ç–µ—Ö, –∫—Ç–æ —É–µ—Ö–∞–ª. –û–Ω–∏ –Ω–µ —Ç—Ä—É—Å—ã, –æ–Ω–∏, –Ω–∞–æ–±–æ—Ä–æ—Ç, –º–Ω–æ–≥–æ —Å–¥–µ–ª–∞–ª–∏, —è –∏–º–∏ –≤–æ—Å—Ö–∏—â–∞—é—Å—å. –ò —è–±–∞—Ç–µ–∫ –Ω–µ –æ—Å—É–∂–¥–∞—é, –æ–Ω–∏ —Å–æ —Å–≤–æ–∏–º –∫—Ä–∏–≤—ã–º –∑–µ—Ä–∫–∞–ª–æ–º. –û—Å—É–∂–¥–∞—é —Ç–µ—Ö, –∫—Ç–æ —Å—Ä–∞–≤–Ω–∏–≤–∞–µ—Ç, –∫—Ç–æ –±–æ–ª—å—à–µ —Å–¥–µ–ª–∞–ª, –∫—Ç–æ –º–µ–Ω—å—à–µ. –ö—Ç–æ –∫–æ–º—É —á–µ–≥–æ –¥–æ–ª–∂–µ–Ω. –≠—Ç–æ —Å–∞–º—ã–µ —Å—Ç—Ä–∞—à–Ω—ã–µ –ª—é–¥–∏.",2.0,-1.0
"—è –º–Ω–æ–≥–æ —á–µ–≥–æ –≤–∏–∂—É!!!!! –ù–æ —Å–º—ã—Å–ª? –ï—Å–ª–∏ —á–µ–ª–æ–≤–µ–∫ –Ω–∞—Å—Ç—Ä–æ–µ–Ω –∞–≥—Ä–µ—Å—Å–∏–≤–Ω–æ,—Ç–æ –Ω–∏ —á–µ–≥–æ –µ–º—É –Ω–µ –ø–æ–º–æ–∂–µ—Ç,–ø–æ–∫–∞ –æ–Ω –Ω–µ –≤—ã–ª—å–µ—Ç —Å–≤–æ—é –∞–≥—Ä–µ—Å—Å–∏—é –∏–ª–∏ –Ω–µ —Å–¥–µ–ª–∞–µ—Ç —á—Ç–æ-—Ç–æ... –ú–Ω–æ–≥–∏–µ –∫–æ–º–µ–Ω—Ç—ã —á–∏—Ç–∞—é,–¥–µ–ª–∞—é –≤—ã–≤–æ–¥ –∏ –Ω–µ –∫–æ–º–º–µ–Ω—Ç–∏—Ä—É—é,–Ω–µ –Ω—É–∂–Ω–æ –¥–∞–≤–∞—Ç—å –ø–æ–¥–ø–∏—Ç–∫—É,—á—Ç–æ –± –¥–∞–ª—å—à–µ —Ä–∞–∑–∂–∏–≥–∞—Ç—å. –ù–µ—Ç!!! –ù–µ –æ–± —ç—Ç–æ–º –ø–æ—Å—Ç,–Ω—É –Ω–µ –æ–± —ç—Ç–æ–º ,–ª—é–¥–∏!!!
 –ù–æ ""—Å–≤–æ–µ"",–±–ª–∏–∂–µ,–ø–æ—ç—Ç–æ–º—É,—è –±—É–¥—É –≥–æ–≤–æ—Ä–∏—Ç—å –æ ""—Å–≤–æ–µ–º"".
 –ò —è —Ç–∞–∫ –∂–µ –Ω–µ –∏–º–µ—é –ø—Ä–∞–≤–∞ –æ—Å—É–∂–¥–∞—Ç—å —Ç–µ—Ö,–∫—Ç–æ –Ω–µ –ø–æ–Ω–∏–º–∞–µ—Ç. –£—Ñ—Ñ—Ñ—Ñ.... üôà",1.0,-1.0
"–∏ –¥–∞, —Å—Ä–µ–¥–∏ —Ç–µ—Ö, –∫—Ç–æ –æ—Å—Ç–∞–ª—Å—è, —Ç–æ–∂–µ –µ—Å—Ç—å –≥–µ—Ä–æ–∏, –∞ —Ç–æ –∫–∞–∫-—Ç–æ –Ω–µ—Å–ø—Ä–∞–≤–µ–¥–ª–∏–≤–æ –Ω–∞–ø–∏—Å–∞–ª–∞ üòâ!",2.0,1.0
"–∞ –≤–µ–¥—å –æ–Ω–∏ —Ä–µ–∞–ª—å–Ω–æ —Ö–æ—Ç–µ–ª–∏ –≤–∞—Å –ø–æ–¥–¥–µ—Ä–∂–∞—Ç—å, –∫–∞–∫ –Ω–∞–ø–æ–ª–æ–≤–∏–Ω—É —É–∫—Ä–∞–∏–Ω–∫—É üòâ ! –ï—Å–ª–∏ –±—É–¥–µ–º –≤ –í–∞—Ä—à–∞–≤–µ, –ø—Ä–∏–¥—ë–º –∫ –≤–∞–º –Ω–∞ —Ç–æ—Ä—Ç–∏–∫ –∏ –ø–æ–∑–Ω–∞–∫–æ–º–∏—Ç—å—Å—è üôÇ !",1.0,1.0
"—è –Ω–µ–º–Ω–æ–≥–æ –∑–Ω–∞–∫–æ–º–∞ —Å –ø—Å–∏—Ö–æ–ª–æ–≥–∏–µ–π,–Ω–µ–º–Ω–æ–≥–æ –ø–æ–Ω–∏–º–∞—é –∫—Ç–æ —á—Ç–æ –ø–∏—à–µ—Ç –∏ –ø–æ—á–µ–º—É) –°—Ç–∞—Ä–∞—é—Å—å –¥–µ—Ä–∂–∞—Ç—å—Å—è,—á—Ç–æ –± –Ω–µ –≤–µ—Å—Ç–∏—Å—å –Ω–∞ –ø–æ–ª–∏—Ç–∏–∫—É –∏ –≤—Å–µ –æ—Å—Ç–∞–ª—å–Ω–æ–µ... –°–¥–µ—Ä–∂–∏–≤–∞—é—Å—å –∫–∞–∫ –º–æ–≥—É üòÅ
 –ù–æ...
 –¢–∞–∫–∏–µ –ø–æ—Å—Ç—ã –∏ –∫–æ–º–º–µ–Ω—Ç–∞—Ä–∏–∏,–ø–æ–∫–∞–∑—ã–≤–∞—é—Ç –º–Ω–æ–≥–æ–µ....
 –ü—Ä–∏–µ–∑–∂–∞–π—Ç–µ –≤ –≥–æ—Å—Ç–∏,–±—É–¥—É —Ä–∞–¥–∞! –ò —Ç–æ—Ä—Ç–∏–∫ –∏ –≤—Å–µ –æ—Å—Ç–∞–ª—å–Ω–æ–µ,–≤—Å–µ –±—É–¥–µ—Ç! üíïüíïüíïüíïüíïüíï",1.0,1.0
"–ù–µ –æ —á—ë–º. –ú—ã —Ç–µ–ø–µ—Ä—å –≤—Å–µ –ø—Å–∏—Ö–æ–ª–æ–≥–∏ –∏ –ø—Å–∏—Ö–æ—Ç–µ—Ä–∞–ø–µ–≤—Ç—ã. –ó–Ω–∞—é –æ–¥–Ω–æ–≥–æ –ø—Å–∏—Ö–æ—Ç–µ—Ä–∞–ø–µ–≤—Ç–∞, –Ω–µ –æ—á–µ–Ω—å –≤ —Å–≤–æ–µ–π –ø—Ä–æ—Ñ–µ—Å—Å–∏–∏, –∫–æ—Ç–æ—Ä—ã–π —Ç–µ–ø–µ—Ä—å —Ö–∞–π–ø—É–µ—Ç –Ω–∞ –Ω–∞—à–µ–º –≥–æ—Ä–µ-–¥–≤–∏–∂–µ–Ω–∏–∏. –ü–æ–ª—å–∑—ã –æ—Ç –Ω–µ–≥–æ –Ω–µ—Ç –∏, –Ω–∞ –ø–µ—Ä–≤—ã–π –≤–∑–≥–ª—è–¥ –±–µ–¥—ã —Ç–∞–∫ –∂–µ. –ù–æ, —Ç–æ–ª—å–∫–æ –Ω–∞ –ø–µ—Ä–≤—ã–π –≤–∑–≥–ª—è–¥, –ø–æ—Ç–æ–º—É —á—Ç–æ —Å–æ–≤–µ—Ç—á–∏–∫–æ–≤ —É –Ω–∞—Å —Ç–µ–ø–µ—Ä—å –º–Ω–æ–≥–æ, –Ω–æ –≤–µ–¥—ë—Ç —ç—Ç–æ –Ω–∞—Å –≤ —Ç—É–ø–∏–∫. –ê –ø—Ä–æ–±–ª–µ–º–∞ –≤ —Ç–æ–º, –∏ –¥–ª—è —ç—Ç–æ–≥–æ –Ω–µ –Ω—É–∂–Ω–æ –±—ã—Ç—å –ø—Å–∏—Ö–æ—Ç–µ—Ä–∞–ø–µ–≤—Ç–æ–º, —á—Ç–æ –±–µ–ª–∞—Ä—É—Å—ã –µ—â—ë –Ω–µ —Å–æ—Å—Ç–æ—è–ª–∏—Å—å, –∫–∞–∫ –Ω–∞—Ü–∏—è. –ï—Å–ª–∏ –±—ã –º—ã –±—ã–ª–∏ –±–µ–ª–∞—Ä—É—Å–∫–æ–π –Ω–∞—Ü–∏–µ–π, –Ω–∞—Å –±—ã –Ω–∏–∫—Ç–æ –Ω–µ –æ–±–º–∞–Ω—É–ª –∏ –Ω–µ –∏—Å–ø–æ–ª—å–∑–æ–≤–∞–ª –≤ —Å–≤–æ–∏—Ö –∏–Ω—Ç–µ—Ä–µ—Å–∞—Ö.",1.0,-1.0
"–≤–æ—Ç —ç—Ç–æ—Ç –ø–µ—Å—Å–∏–º–∏—Å—Ç–∏—á–Ω—ã–π —Ç–µ–∫—Å—Ç —Ç–æ—á–Ω–æ –Ω–µ –ø–æ—Å–ø–æ—Å–æ–±—Å—Ç–≤—É–µ—Ç –æ–±—Ä–∞–∑–æ–≤–∞–Ω–∏—é –Ω–∞—Ü–∏–∏. –ù–∞—Å –æ–±–º–∞–Ω—É–ª–∏...–° –Ω–∞–º–∏ —Å–¥–µ–ª–∞–ª–∏... –ú—ã, –≤–æ–æ–±—â–µ, –≤–∑—Ä–æ—Å–ª—ã–µ –ª—é–¥–∏ –∏–ª–∏ –ø—Ä–µ–¥–º–µ—Ç, —Å –∫–æ—Ç–æ—Ä—ã–º –º–æ–∂–Ω–æ –¥–µ–ª–∞—Ç—å —á—Ç–æ —É–≥–æ–¥–Ω–æ? –ö—Ç–æ –≤–∞—Å –æ–±–º–∞–Ω—É–ª –∏ –∏—Å–ø–æ–ª—å–∑–æ–≤–∞–ª? –ú–µ–Ω—è –ª–∏—á–Ω–æ –Ω–∏–∫—Ç–æ. –õ–∏—á–Ω–æ –∑–∞ –º–µ–Ω—è —Ç—ã—Å—è—á–∏ –ª—é–¥–µ–π –≤—ã—à–ª–∏ –Ω–∞ –ø–ª–æ—â–∞–¥—å, –ø–æ–ª—É—á–∏–ª–∏ —Ç—Ä–∞–≤–º—ã —Ñ–∏–∑–∏—á–µ—Å–∫–∏–µ –∏ –ø—Å–∏—Ö–æ–ª–æ–≥–∏—á–µ—Å–∫–∏–µ, —Å–∏–¥—è—Ç –≤ —Ç—é—Ä—å–º–∞—Ö, —É–≤–æ–ª–µ–Ω—ã —Å —Ä–∞–±–æ—Ç—ã, –∏–∑–≥–Ω–∞–Ω—ã –∏–∑ –í–ù–£ –∏ –∏–∑ —Å—Ç—Ä–∞–Ω—ã, –º–Ω–æ–≥–∏–µ –ø–æ–ª—É—á–∏–ª–∏ –∏ –µ—â—ë –ø–æ–ª—É—á–∞—Ç —à—Ç—Ä–∞—Ñ—ã, –æ–±—ã—Å–∫–∏. –†–∞–¥–∏ –º–µ–Ω—è —Å–µ–π—á–∞—Å –≤ —Ç—é—Ä—å–º–µ –ë–∞–±–∞—Ä–∏–∫–æ –∏ –ö–æ–ª–µ—Å–Ω–∏–∫–æ–≤–∞, —Ä–∞–¥–∏ –º–µ–Ω—è –¢–∏—Ö–∞–Ω–æ–≤—Å–∫–∞—è –±–æ—Ä–æ–∑–¥–∏—Ç –º–∏—Ä–æ–≤—ã–µ –ø—Ä–æ—Å—Ç–æ—Ä—ã. –ú–æ–∂–µ—Ç, —è –∏—Ö –Ω–µ–º–Ω–æ–≥–æ –æ–±–º–∞–Ω—É–ª–∞, –º–æ–∂–µ—Ç, —è –¥–æ–ª–∂–Ω–∞ —Å–µ–π—á–∞—Å —Å–∏–¥–µ—Ç—å —Ä—è–¥–æ–º?",3.0,-1.0
–°–∫–æ—Ä–µ–µ –º–µ–Ω—è –Ω–∏–∫—Ç–æ. –†–æ–∑–æ–≤—ã–µ –æ—á–∫–∏ –Ω–µ –Ω–æ—à—É —Å –¥–µ—Ç—Å—Ç–≤–∞ –∏ –≤–∏–¥–µ–ª–∞ –≤—Å—ë –∫–∞–∫ –µ—Å—Ç—å –µ—â—ë –¥–æ –≤—ã–±–æ—Ä–æ–≤. –ò —á—Ç–æ –∂–µ—Å—Ç–∏—Ç—å –±—É–¥—É—Ç –Ω–µ –ø–æ-–¥–µ—Ç—Å–∫–∏ –∏ —É–±–∏–≤–∞—Ç—å –ª—É—á—à–∏—Ö. –ê —Å –æ—Å—Ç–∞–≤—à–µ–π—Å—è –º–∞—Å—Å–æ–π —Ä–æ–∑–æ–≤–æ—á–∫–æ–≤—ã—Ö –º–æ–∂–Ω–æ —Å–º–µ–ª–æ –≤—Å—Ç—É–ø–∞—Ç—å –≤ —Ä–æ—Å—Å–∏–π—Å–∫–æ–µ –ø—Ä–æ—Å—Ç—Ä–∞–Ω—Å—Ç–≤–æ - –æ–Ω–∏ –Ω–µ –ø—Ä–µ–≥—Ä–∞–¥–∞.,1.0,-1.0
"–Ω—É –∏ —á—Ç–æ? –í—Å–µ —ç—Ç–æ –≤–∏–¥–µ–ª–∏, –Ω–æ –≤—Å—ë —Ä–∞–≤–Ω–æ —à–ª–∏. –ü–æ—Ç–æ–º—É —á—Ç–æ –ø–æ-–¥—Ä—É–≥–æ–º—É –Ω–µ–ª—å–∑—è. –ö—Ç–æ –º–æ–≥ –Ω–µ –∏–¥—Ç–∏, —Ç–æ—Ç –Ω–µ —à—ë–ª.",1.0,0.0
"—è –≤–∞–º –∑–∞–ø—Ä–æ—Å –æ—Ç–ø—Ä–∞–≤–∏–ª–∞ –∏ –Ω–∞–ø–∏—Å–∞–ª–∞ –≤ –º–µ—Å–µ–Ω–¥–∂–µ—Ä,–ø—Ä–æ–≤–µ—Ä—å—Ç–µ –ø–æ–∂–∞–ª—É–π—Å—Ç–∞)",0.0,0.0
"–°–ø–ª–æ—á—ë–Ω–Ω—ã–µ, –Ω–æ –¥–æ–≤–µ—Ä—á–∏–≤—ã–µ. –≠—Ç–∏–º –ø–æ–ª—å–∑—É—é—Ç—Å—è –Ω–∞—à–∏ –≤—Ä–∞–≥–∏.",0.0,-1.0
"—Å–ø–∞—Å–∏–±–æ –≤–∞–º –∑–∞ –Ω–∞–ø–∏—Å–∞–Ω–Ω–æ–µ! –°–ø–∞—Å–∏–±–æ —á—Ç–æ –ø—Ä–æ—á–∏—Ç–∞–ª–∏ –∏–º–µ–Ω–Ω–æ —Ç–æ,—á—Ç–æ —è –Ω–∞–ø–∏—Å–∞–ª–∞! üôè",1.0,1.0
"–¥–∞ –º–Ω–µ –±—ã –∑–Ω–∞—é—â–µ–≥–æ —á–µ–ª–æ–≤–µ–∫–∞ –∏ —Ä–∞–∑–±–∏—Ä–∞—é—â–µ–≥–æ—Å—è –≤ —ç—Ç–æ–º... –ë—ã–ª–∞ –±—ã –æ—á–µ–Ω—å –±–ª–∞–≥–æ–¥–∞—Ä–Ω–∞! –ï—Å–ª–∏ –≤—ã –ø–æ–Ω–∏–º–∞–µ—Ç–µ –æ —á–µ–º —Ä–µ—á—å,–±—É–¥—É –ø—Ä–∏–∑–Ω–∞—Ç–µ–ª—å–Ω–∞ –ø–æ–æ–±—â–∞—Ç—å—Å—è –≤ –ª–∏—á–∫–µ!",0.0,1.0
"–ù—É, —Ç–∞–∫ –ø–µ—Ä–µ—á–∏—Ç–∞–π—Ç–µ –≤–Ω–∏–º–∞—Ç–µ–ª—å–Ω–æ –ß–¢–û –ò–ú–ï–ù–ù–û –í—ã –Ω–∞–ø–∏—Å–∞–ª–∏ –∏ –º–æ–∂–µ—Ç –ø–æ–π–º—ë—Ç–µ —á—Ç–æ —Å —ç—Ç–∏–º –ø–æ—Å—Ç–æ–º –Ω–µ —Ç–∞–∫?",3.0,0.0
"—è –≤–∏–¥–µ–ª–∞ –∏—Ö –ø–æ—Å—Ç—ã,—è —á–∏—Ç–∞–ª–∞ –æ —á–µ–º –ø–∏—à—É—Ç –ª—é–¥–∏! –í—ã —á–∏—Ç–∞–ª–∏,—á—Ç–æ –± —É–∫—Ä–∞–∏–Ω–µ—Ü —É–∫—Ä–∞–∏–Ω—Ü—É –ø–∏—Å–∞–ª –æ —Ç–æ–º,—á—Ç–æ –æ–Ω –≥–æ—Ç–æ–≤ –ø—Ä–µ–¥–æ—Å—Ç–∞–≤–∏—Ç—å –∫—Ä–æ–≤,–¥–∞—Ç—å –æ–¥–µ–∂–¥—É –∏ –æ–±—É–≤—å –±–µ—Å–ø–ª–∞—Ç–Ω–æ? –Ø –Ω–µ —á–∏—Ç–∞–ª–∞ –Ω–∏ —Ä–∞–∑—É,–ø–æ—á—Ç–∏ –∑–∞ 1,5 –≥–æ–¥–∞ –≤ —Ä–∞–∑–Ω—ã—Ö –≥—Ä—É–ø–ø–∞—Ö!
 –≠—Ç–æ –±—É–¥–µ—Ç –ø–æ—Å–ª–µ–¥–Ω–∏–π –∫–æ–º–µ—Ç,—è –∑–∞–∫—Ä—ã–≤–∞—é –∫–æ–º–º–µ–Ω—Ç–∞—Ä–∏–∏. –ü–æ—Ç–æ–º—É —á—Ç–æ,–≤—Å–µ —Ä–∞–≤–Ω–æ,—ç—Ç–æ –º–µ—à–∞—Ç—å –≤–æ–¥—É –≤ —Å—Ç—É–ø–µ –∏ –∫–∞–∂–¥—ã–π –æ—Å—Ç–∞–Ω–µ—Ç—Å—è –ø—Ä–∏ —Å–≤–æ–µ–º –º–Ω–µ–Ω–∏–∏.
 –í—Å–µ–º –Ω–∞–º,–±–ª–∞–≥,–º–∏—Ä–∞,–≤–∑–∞–∏–º–æ–ø–æ–Ω–∏–º–∞–Ω–∏—è –∏ –ª—é–±–≤–∏! üíûüíûüíûüôè",9.0,1.0
"–Ω–µ –±–µ—Ä–∏ –±–ª–∏–∑–∫–æ –∫ —Å–µ—Ä–¥—Ü—É... –õ—é–¥–∏ —Ä–∞–∑–Ω—ã–µ.. –ü–æ–¥—Å–æ–ª–Ω–µ—á–Ω–∏–∫ —Ç—è–Ω–µ—Ç—Å—è –∫ —Å–æ–ª–Ω—Ü—É, –∞ –±–∞–Ω–Ω—ã–π –ª–∏—Å—Ç —Å–∞–º–∞ –ø–æ–Ω–∏–º–∞–µ—à—å –∫—É–¥–∞",1.0,0.0
